"Date","Comp","Negative","Neutral","Positive"
"2017-04-01","-0.637","0.103","0.855","0.041"
"2017-04-02","0.727","0.032","0.827","0.141"
"2017-04-03","0.459","0.02","0.912","0.068"
"2017-04-04","-0.153","0.035","0.965","0"
"2017-04-05","0.586","0","0.876","0.124"
"2017-04-06","0.511","0","0.952","0.048"
"2017-04-07","0.599","0","0.898","0.102"
"2017-04-08","-0.296","0.058","0.942","0"
"2017-04-09","-0.542","0.126","0.811","0.063"
"2017-04-10","-0.026","0.017","0.983","0"
"2017-04-11","0.71","0","0.902","0.098"
"2017-04-12","0.878","0.066","0.724","0.209"
"2017-04-13","-0.052","0.059","0.886","0.055"
"2017-04-14","0.336","0.064","0.84","0.096"
"2017-04-15","-0.026","0.041","0.92","0.039"
"2017-04-16","0","0","1","0"
"2017-04-17","0.296","0.07","0.833","0.096"
"2017-04-18","0.477","0","0.928","0.072"
"2017-04-19","0.802","0.066","0.743","0.191"
"2017-04-20","0.421","0","0.924","0.076"
"2017-04-21","0","0","1","0"
"2017-04-22","-0.71","0.132","0.835","0.033"
"2017-04-23","-0.077","0.052","0.901","0.046"
"2017-04-24","0.318","0.089","0.806","0.106"
"2017-04-25","0.296","0.053","0.89","0.056"
"2017-04-26","0.758","0","0.903","0.097"
"2017-04-27","0.402","0.029","0.911","0.06"
"2017-04-28","-0.226","0.055","0.905","0.04"
"2017-04-29","0.718","0.05","0.825","0.124"
"2017-04-30","0.67","0.025","0.848","0.127"
"2017-05-01","0.802","0","0.837","0.163"
"2017-05-02","0.758","0","0.808","0.192"
"2017-05-03","-0.494","0.097","0.903","0"
"2017-05-04","0.296","0","0.955","0.045"
"2017-05-05","0.477","0.024","0.916","0.06"
"2017-05-06","-0.103","0.073","0.841","0.086"
"2017-05-07","0","0","1","0"
"2017-05-08","-0.572","0.091","0.864","0.044"
"2017-05-09","0.402","0","0.951","0.049"
"2017-05-10","-0.103","0.035","0.938","0.027"
"2017-05-11","0.25","0","0.968","0.032"
"2017-05-12","0.637","0","0.885","0.115"
"2017-05-13","0.557","0","0.877","0.123"
"2017-05-14","-0.941","0.273","0.727","0"
"2017-05-15","0.41","0.081","0.799","0.12"
"2017-05-16","-0.077","0.097","0.811","0.092"
"2017-05-17","0.402","0","0.952","0.048"
"2017-05-18","-0.153","0.067","0.881","0.052"
"2017-05-19","-0.273","0.085","0.87","0.045"
"2017-05-20","0.822","0","0.858","0.142"
"2017-05-21","0.296","0","0.976","0.024"
"2017-05-22","0.026","0.022","0.94","0.038"
"2017-05-23","-0.91","0.173","0.827","0"
"2017-05-24","0.318","0","0.947","0.053"
"2017-05-25","0.743","0","0.879","0.121"
"2017-05-26","0.836","0","0.815","0.185"
"2017-05-27","0.077","0.041","0.912","0.046"
"2017-05-28","0.869","0.069","0.738","0.193"
"2017-05-29","0.949","0.034","0.662","0.304"
"2017-05-30","0.691","0","0.883","0.117"
"2017-05-31","0","0","1","0"
"2017-06-01","0.382","0","0.938","0.062"
"2017-06-02","-0.153","0.077","0.859","0.064"
"2017-06-03","0.34","0","0.951","0.049"
"2017-06-04","0.931","0","0.832","0.168"
"2017-06-05","0.202","0.044","0.886","0.069"
"2017-06-06","0.318","0.036","0.888","0.076"
"2017-06-07","0.893","0","0.764","0.236"
"2017-06-08","-0.296","0.064","0.899","0.037"
"2017-06-09","-0.34","0.116","0.795","0.089"
"2017-06-10","0.66","0.017","0.913","0.07"
"2017-06-11","-0.778","0.114","0.886","0"
"2017-06-12","-0.511","0.104","0.849","0.047"
"2017-06-13","-0.844","0.193","0.807","0"
"2017-06-14","-0.542","0.148","0.766","0.086"
"2017-06-15","-0.495","0.116","0.841","0.043"
"2017-06-16","-0.103","0.059","0.891","0.051"
"2017-06-17","0.178","0.119","0.768","0.114"
"2017-06-18","0.226","0.092","0.78","0.129"
"2017-06-19","0.421","0","0.97","0.03"
"2017-06-20","-0.796","0.159","0.803","0.038"
"2017-06-21","0.052","0.105","0.75","0.145"
"2017-06-22","0.937","0","0.803","0.197"
"2017-06-23","0.778","0.039","0.791","0.17"
"2017-06-24","0.785","0.038","0.813","0.148"
"2017-06-25","-0.226","0.074","0.874","0.053"
"2017-06-26","0.481","0.16","0.622","0.219"
"2017-06-27","0.751","0","0.862","0.138"
"2017-06-28","0.772","0.057","0.741","0.203"
"2017-06-29","0.637","0","0.906","0.094"
"2017-06-30","0.511","0","0.901","0.099"
"2017-07-01","0.586","0","0.918","0.082"
"2017-07-02","0.727","0","0.882","0.118"
"2017-07-03","-0.273","0.074","0.926","0"
"2017-07-04","0.402","0.031","0.903","0.066"
"2017-07-05","0.202","0.037","0.897","0.066"
"2017-07-06","0.807","0.092","0.703","0.205"
"2017-07-07","-0.273","0.049","0.951","0"
"2017-07-08","0","0","1","0"
"2017-07-09","0.915","0.025","0.78","0.194"
"2017-07-10","0.153","0.038","0.912","0.049"
"2017-07-11","-0.077","0.063","0.879","0.058"
"2017-07-12","0.822","0","0.802","0.198"
"2017-07-13","0","0.062","0.876","0.062"
"2017-07-14","0.318","0","0.966","0.034"
"2017-07-15","0.421","0","0.959","0.041"
"2017-07-16","-0.128","0.03","0.97","0"
"2017-07-17","0.296","0","0.929","0.071"
"2017-07-18","0.103","0.052","0.877","0.071"
"2017-07-19","0.402","0.036","0.902","0.062"
"2017-07-20","0.881","0.043","0.714","0.243"
"2017-07-21","-0.226","0.105","0.805","0.09"
"2017-07-22","0.832","0","0.808","0.192"
"2017-07-23","0.649","0","0.895","0.105"
"2017-07-24","0.002","0.094","0.789","0.116"
"2017-07-25","0.863","0","0.814","0.186"
"2017-07-26","-0.459","0.049","0.951","0"
"2017-07-27","0.751","0","0.899","0.101"
"2017-07-28","0.361","0.06","0.821","0.119"
"2017-07-29","0.802","0","0.84","0.16"
"2017-07-30","0.822","0","0.856","0.144"
"2017-07-31","-0.178","0.097","0.817","0.085"
"2017-08-01","0.856","0","0.875","0.125"
"2017-08-02","0.66","0","0.906","0.094"
"2017-08-03","0.318","0","0.949","0.051"
"2017-08-04","0.852","0.019","0.832","0.149"
"2017-08-05","0.765","0.027","0.83","0.143"
"2017-08-06","0.818","0","0.821","0.179"
"2017-08-07","0","0","1","0"
"2017-08-08","0.791","0","0.886","0.114"
"2017-08-09","0.66","0","0.93","0.07"
"2017-08-10","0.318","0.127","0.713","0.159"
"2017-08-11","-0.743","0.167","0.803","0.03"
"2017-08-12","0.866","0.018","0.813","0.168"
"2017-08-13","0.44","0","0.952","0.048"
"2017-08-14","0.382","0","0.939","0.061"
"2017-08-15","0.361","0","0.941","0.059"
"2017-08-16","0.542","0.105","0.739","0.157"
"2017-08-17","0.557","0","0.931","0.069"
"2017-08-18","0.103","0","0.969","0.031"
"2017-08-19","-0.25","0.057","0.943","0"
"2017-08-20","0.103","0.026","0.941","0.033"
"2017-08-21","0.822","0.033","0.826","0.141"
"2017-08-22","0.765","0","0.864","0.136"
"2017-08-23","0","0.044","0.913","0.044"
"2017-08-24","0.511","0.077","0.8","0.123"
"2017-08-25","-0.026","0.04","0.922","0.037"
"2017-08-26","0.852","0","0.782","0.218"
"2017-08-27","0","0","1","0"
"2017-08-28","0.67","0.053","0.837","0.11"
"2017-08-29","0.382","0","0.945","0.055"
"2017-08-30","0.866","0.034","0.757","0.209"
"2017-08-31","0.527","0","0.914","0.086"
"2017-09-01","0.751","0.051","0.8","0.149"
"2017-09-02","0.954","0","0.686","0.314"
"2017-09-03","0.71","0","0.909","0.091"
"2017-09-04","0.765","0","0.906","0.094"
"2017-09-05","0.572","0.024","0.886","0.09"
"2017-09-06","0.802","0","0.843","0.157"
"2017-09-07","0.511","0.042","0.862","0.096"
"2017-09-08","0.866","0","0.793","0.207"
"2017-09-09","0.878","0","0.783","0.217"
"2017-09-10","0.44","0","0.935","0.065"
"2017-09-11","0.586","0","0.907","0.093"
"2017-09-12","0.818","0.024","0.832","0.144"
"2017-09-13","0.66","0.074","0.773","0.153"
"2017-09-14","-0.459","0.08","0.87","0.05"
"2017-09-15","0.402","0","0.941","0.059"
"2017-09-16","0.178","0.041","0.906","0.052"
"2017-09-17","0.84","0.019","0.873","0.108"
"2017-09-18","0.103","0","0.968","0.032"
"2017-09-19","-0.599","0.135","0.785","0.08"
"2017-09-20","-0.649","0.115","0.801","0.084"
"2017-09-21","-0.494","0.104","0.819","0.077"
"2017-09-22","0.813","0","0.879","0.121"
"2017-09-23","0.668","0","0.891","0.109"
"2017-09-24","0.927","0","0.823","0.177"
"2017-09-25","0.296","0.082","0.82","0.098"
"2017-09-26","0.077","0","0.979","0.021"
"2017-09-27","0.66","0","0.913","0.087"
"2017-09-28","0.796","0","0.835","0.165"
"2017-09-29","0.637","0.05","0.839","0.111"
"2017-09-30","0.382","0","0.944","0.056"
"2017-10-01","-0.765","0.102","0.898","0"
"2017-10-02","0","0","1","0"
"2017-10-03","-0.477","0.074","0.883","0.043"
"2017-10-04","0.902","0.051","0.806","0.143"
"2017-10-05","0.202","0","0.971","0.029"
"2017-10-06","0","0","1","0"
"2017-10-07","0.943","0.042","0.777","0.18"
"2017-10-08","0.612","0.047","0.859","0.094"
"2017-10-09","0.691","0","0.851","0.149"
"2017-10-10","0.402","0.064","0.808","0.128"
"2017-10-11","0.681","0.028","0.862","0.11"
"2017-10-12","0.778","0","0.885","0.115"
"2017-10-13","0.934","0.046","0.696","0.258"
"2017-10-14","0.625","0","0.895","0.105"
"2017-10-15","0.557","0.025","0.9","0.075"
"2017-10-16","0.92","0","0.775","0.225"
"2017-10-17","0.599","0.044","0.838","0.118"
"2017-10-18","0.637","0","0.89","0.11"
"2017-10-19","0.841","0","0.876","0.124"
"2017-10-20","0.772","0","0.908","0.092"
"2017-10-21","0.586","0","0.902","0.098"
"2017-10-22","0.494","0.044","0.865","0.091"
"2017-10-23","0","0","1","0"
"2017-10-24","0.691","0.051","0.793","0.156"
"2017-10-25","0.718","0","0.875","0.125"
"2017-10-26","0.67","0","0.933","0.067"
"2017-10-27","0.801","0.054","0.818","0.129"
"2017-10-28","0.477","0","0.958","0.042"
"2017-10-29","0.968","0","0.75","0.25"
"2017-10-30","0","0","1","0"
"2017-10-31","0.625","0","0.938","0.062"
"2017-11-01","0.026","0.053","0.875","0.071"
"2017-11-02","0.735","0.023","0.867","0.11"
"2017-11-03","0.494","0","0.943","0.057"
"2017-11-04","0.832","0.074","0.724","0.202"
"2017-11-05","0.866","0","0.789","0.211"
"2017-11-06","0.889","0","0.836","0.164"
"2017-11-07","0.972","0.069","0.648","0.284"
"2017-11-08","0.91","0.015","0.827","0.158"
"2017-11-09","0.93","0.037","0.805","0.158"
"2017-11-10","0.44","0.031","0.899","0.07"
"2017-11-11","0.832","0","0.87","0.13"
"2017-11-12","-0.361","0.043","0.957","0"
"2017-11-13","0.644","0","0.927","0.073"
"2017-11-14","0.964","0.025","0.732","0.243"
"2017-11-15","0.986","0.024","0.838","0.138"
"2017-11-16","0.832","0","0.847","0.153"
"2017-11-17","-0.92","0.175","0.742","0.083"
"2017-11-18","0.97","0","0.785","0.215"
"2017-11-19","0.893","0","0.836","0.164"
"2017-11-20","0.827","0.026","0.868","0.106"
"2017-11-21","0.296","0","0.976","0.024"
"2017-11-22","-0.103","0.055","0.908","0.037"
"2017-11-23","0","0","1","0"
"2017-11-24","0.752","0.039","0.834","0.128"
"2017-11-25","-0.077","0.052","0.911","0.037"
"2017-11-26","0.398","0.132","0.725","0.143"
"2017-11-27","0.612","0.025","0.896","0.079"
"2017-11-28","0.421","0.091","0.797","0.112"
"2017-11-29","0.827","0.017","0.855","0.128"
"2017-11-30","0.886","0","0.9","0.1"
"2017-12-01","-0.727","0.068","0.932","0"
"2017-12-02","0.296","0.029","0.914","0.057"
"2017-12-03","0.9","0","0.817","0.183"
"2017-12-04","0.542","0.084","0.805","0.111"
"2017-12-05","0.933","0","0.762","0.238"
"2017-12-06","0.844","0","0.87","0.13"
"2017-12-07","0.742","0.034","0.879","0.087"
"2017-12-08","0.44","0","0.956","0.044"
"2017-12-09","0.494","0.036","0.872","0.091"
"2017-12-10","0.886","0","0.79","0.21"
"2017-12-11","-0.273","0.031","0.969","0"
"2017-12-12","0.886","0","0.87","0.13"
"2017-12-13","0.296","0","0.982","0.018"
"2017-12-14","-0.296","0.029","0.971","0"
"2017-12-15","0.881","0.085","0.742","0.172"
"2017-12-16","-0.34","0.122","0.75","0.128"
"2017-12-17","0.612","0","0.9","0.1"
"2017-12-18","0.959","0.028","0.729","0.243"
"2017-12-19","0.961","0.06","0.642","0.298"
"2017-12-20","0.906","0.041","0.8","0.158"
"2017-12-21","0.71","0.028","0.882","0.09"
"2017-12-22","-0.128","0.027","0.942","0.031"
"2017-12-23","0.923","0","0.827","0.173"
"2017-12-24","0.952","0.036","0.777","0.187"
"2017-12-25","0.612","0","0.922","0.078"
"2017-12-26","0.902","0","0.85","0.15"
"2017-12-27","0.947","0","0.881","0.119"
"2017-12-28","0.956","0.019","0.81","0.171"
"2017-12-29","0.927","0.013","0.858","0.129"
"2017-12-30","0.849","0.097","0.76","0.143"
"2017-12-31","0.44","0.029","0.904","0.067"
"2018-01-01","0.599","0","0.9","0.1"
"2018-01-02","0.743","0.034","0.846","0.12"
"2018-01-03","0.881","0","0.804","0.196"
"2018-01-04","0.926","0.036","0.787","0.177"
"2018-01-05","0.318","0.051","0.878","0.071"
"2018-01-06","0.951","0.046","0.74","0.213"
"2018-01-07","0.382","0","0.96","0.04"
"2018-01-08","-0.478","0.105","0.837","0.057"
"2018-01-09","0.852","0.115","0.661","0.224"
"2018-01-10","0.832","0.048","0.734","0.217"
"2018-01-11","0.931","0.048","0.831","0.122"
"2018-01-12","-0.44","0.064","0.907","0.029"
"2018-01-13","0.765","0.025","0.858","0.117"
"2018-01-14","0.896","0.04","0.826","0.134"
"2018-01-15","0.955","0","0.846","0.154"
"2018-01-16","0.572","0.031","0.899","0.07"
"2018-01-17","0.939","0","0.869","0.131"
"2018-01-18","0.66","0.079","0.781","0.14"
"2018-01-19","0.952","0.025","0.768","0.207"
"2018-01-20","0.822","0.054","0.793","0.154"
"2018-01-21","0.724","0.05","0.861","0.09"
"2018-01-22","0.848","0","0.842","0.158"
"2018-01-23","0.67","0","0.925","0.075"
"2018-01-24","0.869","0.042","0.78","0.178"
"2018-01-25","0.95","0.023","0.844","0.132"
"2018-01-26","0.71","0.089","0.761","0.149"
"2018-01-27","-0.273","0.099","0.825","0.076"
"2018-01-28","-0.908","0.13","0.85","0.02"
"2018-01-29","0.896","0.041","0.868","0.091"
"2018-01-30","0.83","0","0.876","0.124"
"2018-01-31","0.382","0.08","0.815","0.105"
"2018-02-01","-0.224","0.122","0.777","0.1"
"2018-02-02","0.807","0.014","0.916","0.07"
"2018-02-03","0.908","0.047","0.797","0.156"
"2018-02-04","0.625","0","0.902","0.098"
"2018-02-05","0.969","0.03","0.787","0.184"
"2018-02-06","-0.691","0.059","0.941","0"
"2018-02-07","0.778","0.052","0.825","0.124"
"2018-02-08","0.226","0.033","0.915","0.052"
"2018-02-09","-0.881","0.164","0.836","0"
"2018-02-10","-0.637","0.068","0.908","0.024"
"2018-02-11","0.963","0.02","0.776","0.204"
"2018-02-12","0.718","0","0.915","0.085"
"2018-02-13","0","0.04","0.919","0.04"
"2018-02-14","0.976","0","0.756","0.244"
"2018-02-15","0.919","0.034","0.81","0.156"
"2018-02-16","0.361","0.03","0.912","0.058"
"2018-02-17","0.971","0.018","0.774","0.208"
"2018-02-18","0.977","0.028","0.649","0.323"
"2018-02-19","0.934","0.082","0.729","0.189"
"2018-02-20","0.477","0","0.956","0.044"
"2018-02-21","0.859","0.024","0.846","0.13"
"2018-02-22","-0.361","0.038","0.962","0"
"2018-02-23","0.922","0","0.841","0.159"
"2018-02-24","-0.691","0.127","0.805","0.068"
"2018-02-25","0.954","0.027","0.769","0.204"
"2018-02-26","0.859","0","0.899","0.101"
"2018-02-27","0.969","0","0.636","0.364"
"2018-02-28","0.818","0.062","0.79","0.149"
"2018-03-01","0.708","0.047","0.862","0.09"
"2018-03-02","0.848","0.034","0.814","0.151"
"2018-03-03","0.637","0","0.938","0.062"
"2018-03-04","0.904","0","0.855","0.145"
"2018-03-05","0.637","0","0.951","0.049"
"2018-03-06","0.052","0.082","0.842","0.075"
"2018-03-07","0.891","0.027","0.784","0.189"
"2018-03-08","0.318","0.035","0.896","0.068"
"2018-03-09","0.836","0.022","0.865","0.113"
"2018-03-10","0.914","0.021","0.848","0.13"
"2018-03-11","0.908","0.064","0.731","0.205"
"2018-03-12","0.103","0.06","0.87","0.07"
"2018-03-13","0.178","0.101","0.791","0.108"
"2018-03-14","0.941","0","0.787","0.213"
"2018-03-15","0.758","0","0.92","0.08"
"2018-03-16","0.751","0.063","0.81","0.127"
"2018-03-17","0.957","0.018","0.814","0.168"
"2018-03-18","0.949","0","0.83","0.17"
"2018-03-19","0.421","0.021","0.931","0.048"
"2018-03-20","0.802","0.046","0.827","0.127"
"2018-03-21","-0.625","0.059","0.941","0"
"2018-03-22","0.727","0.062","0.847","0.091"
"2018-03-23","0.989","0.007","0.784","0.21"
"2018-03-24","0.931","0.05","0.769","0.181"
"2018-03-25","0.917","0.044","0.805","0.151"
"2018-03-26","0","0","1","0"
"2018-03-27","0.904","0.084","0.74","0.176"
"2018-03-28","0.92","0.049","0.804","0.147"
"2018-03-29","0.402","0.034","0.902","0.064"
"2018-03-30","0.71","0","0.936","0.064"
"2018-03-31","0.904","0","0.853","0.147"
"2018-04-01","0.962","0.031","0.807","0.162"
"2018-04-02","0.382","0.054","0.853","0.093"
"2018-04-03","0.949","0","0.866","0.134"
"2018-04-04","0.511","0.019","0.932","0.049"
"2018-04-05","0.889","0.007","0.94","0.054"
"2018-04-06","0.859","0","0.879","0.121"
"2018-04-07","0.511","0.033","0.861","0.106"
"2018-04-08","0.459","0.06","0.815","0.124"
"2018-04-09","0.954","0.019","0.857","0.124"
"2018-04-10","0.983","0.045","0.724","0.231"
"2018-04-11","0.988","0","0.809","0.191"
"2018-04-12","0.931","0.025","0.891","0.085"
"2018-04-13","0.878","0.057","0.848","0.095"
"2018-04-14","0.807","0.036","0.851","0.113"
"2018-04-15","0.993","0.046","0.699","0.255"
"2018-04-16","0.71","0.024","0.86","0.116"
"2018-04-17","0.795","0","0.882","0.118"
"2018-04-18","-0.382","0.05","0.95","0"
"2018-04-19","0.975","0","0.841","0.159"
"2018-04-20","0.612","0.036","0.887","0.077"
"2018-04-21","0.981","0.015","0.83","0.155"
"2018-04-22","0.929","0","0.877","0.123"
"2018-04-23","0.886","0","0.919","0.081"
"2018-04-24","0.832","0","0.844","0.156"
"2018-04-25","0.612","0.032","0.911","0.057"
"2018-04-26","0.976","0.072","0.714","0.214"
"2018-04-27","0.878","0.027","0.887","0.087"
"2018-04-28","0.421","0.087","0.774","0.139"
"2018-04-29","0.7","0","0.96","0.04"
"2018-04-30","-0.889","0.168","0.806","0.026"
"2018-05-01","0.927","0.011","0.916","0.073"
"2018-05-02","0.691","0.081","0.809","0.11"
"2018-05-03","0.778","0.008","0.949","0.043"
"2018-05-04","0.962","0.03","0.681","0.289"
"2018-05-05","0.751","0","0.89","0.11"
"2018-05-06","0.982","0.032","0.789","0.179"
"2018-05-07","0.848","0.086","0.748","0.166"
"2018-05-08","0.67","0.042","0.89","0.067"
"2018-05-09","0.44","0.052","0.856","0.092"
"2018-05-10","-0.881","0.136","0.825","0.04"
"2018-05-11","0.735","0.056","0.843","0.101"
"2018-05-12","0.886","0.042","0.836","0.122"
"2018-05-13","0.986","0.023","0.818","0.16"
"2018-05-14","0.572","0.092","0.788","0.12"
"2018-05-15","0.557","0.022","0.908","0.069"
"2018-05-16","0.969","0.04","0.746","0.214"
"2018-05-17","0.511","0.027","0.916","0.057"
"2018-05-18","0.743","0.094","0.755","0.151"
"2018-05-19","0.572","0.027","0.912","0.061"
"2018-05-20","0.735","0","0.956","0.044"
"2018-05-21","0.963","0.03","0.794","0.176"
"2018-05-22","0.695","0.033","0.88","0.087"
"2018-05-23","0.226","0.068","0.844","0.087"
"2018-05-24","-0.718","0.081","0.884","0.035"
"2018-05-25","0.637","0.073","0.781","0.146"
"2018-05-26","0.943","0.045","0.797","0.158"
"2018-05-27","0.958","0.029","0.794","0.177"
"2018-05-28","0.925","0.045","0.815","0.141"
"2018-05-29","0.965","0.017","0.802","0.181"
"2018-05-30","-0.273","0.035","0.941","0.025"
"2018-05-31","-0.318","0.031","0.969","0"
"2018-06-01","0.935","0.018","0.786","0.196"
"2018-06-02","0.949","0.021","0.791","0.188"
"2018-06-03","0.625","0.082","0.806","0.112"
"2018-06-04","0.829","0.059","0.805","0.136"
"2018-06-05","0.952","0","0.835","0.165"
"2018-06-06","0.599","0","0.924","0.076"
"2018-06-07","0.765","0.011","0.928","0.061"
"2018-06-08","0.402","0.039","0.901","0.06"
"2018-06-09","0.735","0","0.925","0.075"
"2018-06-10","0.927","0.019","0.841","0.14"
"2018-06-11","0.912","0.023","0.859","0.118"
"2018-06-12","0.908","0.021","0.824","0.154"
"2018-06-13","0.751","0.021","0.914","0.065"
"2018-06-14","0.958","0.047","0.742","0.211"
"2018-06-15","0.973","0.027","0.779","0.193"
"2018-06-16","0.931","0.04","0.768","0.192"
"2018-06-17","-0.448","0.133","0.788","0.079"
"2018-06-18","0.727","0.037","0.862","0.1"
"2018-06-19","0.988","0.073","0.674","0.252"
"2018-06-20","0.382","0.084","0.829","0.088"
"2018-06-21","0.758","0","0.951","0.049"
"2018-06-22","0.542","0","0.929","0.071"
"2018-06-23","0.938","0.086","0.733","0.181"
"2018-06-24","-0.477","0.12","0.824","0.056"
"2018-06-25","0.866","0.037","0.855","0.108"
"2018-06-26","0.459","0.046","0.887","0.067"
"2018-06-27","0.923","0.031","0.882","0.086"
"2018-06-28","0.934","0","0.859","0.141"
"2018-06-29","0.925","0","0.911","0.089"
"2018-06-30","-0.361","0.029","0.971","0"
"2018-07-01","0.807","0","0.931","0.069"
"2018-07-02","0.809","0.036","0.841","0.123"
"2018-07-03","-0.599","0.097","0.871","0.032"
"2018-07-04","0.979","0.037","0.789","0.174"
"2018-07-05","0.915","0","0.835","0.165"
"2018-07-06","0.791","0.064","0.801","0.136"
"2018-07-07","0.681","0.029","0.882","0.089"
"2018-07-08","0.836","0.026","0.878","0.096"
"2018-07-09","0.956","0.041","0.824","0.135"
"2018-07-10","0.881","0.028","0.873","0.099"
"2018-07-11","0.459","0.058","0.808","0.133"
"2018-07-12","0.526","0.059","0.837","0.104"
"2018-07-13","0.785","0.088","0.774","0.138"
"2018-07-14","0.992","0.011","0.732","0.257"
"2018-07-15","0.906","0","0.892","0.108"
"2018-07-16","0.957","0.018","0.81","0.172"
"2018-07-17","0.934","0","0.831","0.169"
"2018-07-18","0.586","0.064","0.838","0.098"
"2018-07-19","0.727","0","0.843","0.157"
"2018-07-20","0.612","0","0.942","0.058"
"2018-07-21","0.956","0.029","0.755","0.216"
"2018-07-22","0.691","0","0.91","0.09"
"2018-07-23","0.917","0.041","0.841","0.118"
"2018-07-24","0.978","0","0.796","0.204"
"2018-07-25","0.527","0","0.945","0.055"
"2018-07-26","0.948","0.098","0.709","0.193"
"2018-07-27","0.964","0.01","0.858","0.132"
"2018-07-28","0.778","0","0.92","0.08"
"2018-07-29","0.743","0.161","0.658","0.181"
"2018-07-30","0.571","0.024","0.906","0.07"
"2018-07-31","0.813","0","0.925","0.075"
"2018-08-01","0.964","0.039","0.776","0.184"
"2018-08-02","0.982","0.064","0.736","0.2"
"2018-08-03","0.906","0.013","0.855","0.132"
"2018-08-04","0.937","0.03","0.799","0.172"
"2018-08-05","-0.103","0.046","0.913","0.042"
"2018-08-06","0.8","0.065","0.786","0.148"
"2018-08-07","0.836","0","0.879","0.121"
"2018-08-08","0.735","0.091","0.745","0.164"
"2018-08-09","0.937","0.069","0.686","0.245"
"2018-08-10","0.178","0","0.972","0.028"
"2018-08-11","0.969","0.043","0.763","0.194"
"2018-08-12","0.875","0.043","0.801","0.156"
"2018-08-13","0.613","0.04","0.846","0.114"
"2018-08-14","0.964","0.012","0.831","0.156"
"2018-08-15","0.66","0.056","0.808","0.136"
"2018-08-16","-0.226","0.095","0.838","0.067"
"2018-08-17","0.178","0","0.971","0.029"
"2018-08-18","0.934","0.066","0.782","0.152"
"2018-08-19","0.494","0.049","0.895","0.056"
"2018-08-20","0.599","0.025","0.925","0.05"
"2018-08-21","0.401","0.025","0.925","0.05"
"2018-08-22","0.599","0.042","0.877","0.081"
"2018-08-23","0.71","0","0.922","0.078"
"2018-08-24","0.66","0.037","0.83","0.133"
"2018-08-25","0.077","0.041","0.906","0.054"
"2018-08-26","0.977","0.041","0.736","0.223"
"2018-08-27","0.681","0.028","0.887","0.085"
"2018-08-28","0.951","0","0.777","0.223"
"2018-08-29","0.477","0","0.931","0.069"
"2018-08-30","0.103","0.097","0.825","0.078"
"2018-08-31","0.228","0.093","0.81","0.098"
"2018-09-01","0.153","0.056","0.88","0.064"
"2018-09-02","0.956","0","0.809","0.191"
"2018-09-03","0.933","0.02","0.865","0.114"
"2018-09-04","0.796","0","0.921","0.079"
"2018-09-05","0.916","0.024","0.84","0.136"
"2018-09-06","0.649","0.052","0.865","0.084"
"2018-09-07","0.815","0.041","0.875","0.084"
"2018-09-08","-0.153","0.084","0.842","0.074"
"2018-09-09","0.987","0.04","0.714","0.246"
"2018-09-10","0.862","0","0.868","0.132"
"2018-09-11","0.929","0.012","0.854","0.135"
"2018-09-12","0.862","0","0.885","0.115"
"2018-09-13","0.836","0","0.878","0.122"
"2018-09-14","0.153","0.053","0.873","0.075"
"2018-09-15","0.974","0.028","0.769","0.203"
"2018-09-16","0.802","0","0.922","0.078"
"2018-09-17","0.791","0.034","0.854","0.112"
"2018-09-18","0.827","0","0.832","0.168"
"2018-09-19","0.827","0.015","0.893","0.092"
"2018-09-20","0.765","0.06","0.808","0.132"
"2018-09-21","-0.317","0.084","0.846","0.071"
"2018-09-22","0.869","0","0.879","0.121"
"2018-09-23","0.814","0.043","0.843","0.114"
"2018-09-24","-0.66","0.142","0.755","0.104"
"2018-09-25","0.915","0.03","0.784","0.185"
"2018-09-26","0.973","0","0.704","0.296"
"2018-09-27","0.542","0.034","0.898","0.068"
"2018-09-28","0.912","0.014","0.928","0.058"
"2018-09-29","0.952","0.024","0.81","0.167"
"2018-09-30","0.8","0.023","0.915","0.062"
"2018-10-01","0.751","0","0.875","0.125"
"2018-10-02","0.66","0.021","0.903","0.076"
"2018-10-03","0.878","0","0.924","0.076"
"2018-10-04","0.893","0.05","0.835","0.115"
"2018-10-05","0.935","0","0.833","0.167"
"2018-10-06","0.637","0","0.953","0.047"
"2018-10-07","0.7","0.03","0.892","0.078"
"2018-10-08","0.836","0","0.881","0.119"
"2018-10-09","0.822","0.058","0.782","0.16"
"2018-10-10","0.813","0","0.865","0.135"
"2018-10-11","0.807","0","0.925","0.075"
"2018-10-12","0.103","0.029","0.922","0.048"
"2018-10-13","0.751","0","0.924","0.076"
"2018-10-14","0.933","0","0.775","0.225"
"2018-10-15","0.827","0.031","0.851","0.118"
"2018-10-16","0.494","0","0.932","0.068"
"2018-10-17","0.97","0.031","0.836","0.133"
"2018-10-18","-0.153","0.051","0.905","0.044"
"2018-10-19","0","0.064","0.872","0.064"
"2018-10-20","0.625","0.042","0.867","0.092"
"2018-10-21","0.542","0.02","0.948","0.032"
"2018-10-22","0.915","0","0.883","0.117"
"2018-10-23","0.818","0.044","0.853","0.102"
"2018-10-24","0.649","0","0.931","0.069"
"2018-10-25","0.904","0.016","0.874","0.11"
"2018-10-26","0.791","0.044","0.849","0.106"
"2018-10-27","0.814","0.065","0.753","0.182"
"2018-10-28","-0.273","0.052","0.924","0.023"
"2018-10-29","0.953","0","0.912","0.088"
"2018-10-30","0.44","0.08","0.814","0.106"
"2018-10-31","-0.026","0.038","0.926","0.036"
"2018-11-01","0.832","0.031","0.872","0.097"
"2018-11-02","0.898","0.023","0.856","0.121"
"2018-11-03","0.946","0.054","0.727","0.219"
"2018-11-04","0.93","0.019","0.838","0.144"
"2018-11-05","0.735","0.023","0.906","0.071"
"2018-11-06","0.856","0.038","0.824","0.139"
"2018-11-07","0.772","0","0.913","0.087"
"2018-11-08","0.959","0","0.786","0.214"
"2018-11-09","0.964","0","0.784","0.216"
"2018-11-10","0.964","0.037","0.833","0.13"
"2018-11-11","0.917","0","0.829","0.171"
"2018-11-12","0.67","0","0.896","0.104"
"2018-11-13","-0.402","0.025","0.975","0"
"2018-11-14","0.659","0","0.97","0.03"
"2018-11-15","-0.296","0.023","0.964","0.013"
"2018-11-16","0.751","0.032","0.877","0.091"
"2018-11-17","0.953","0","0.883","0.117"
"2018-11-18","0.966","0.012","0.797","0.191"
"2018-11-19","0.758","0.043","0.838","0.12"
"2018-11-20","0.906","0","0.893","0.107"
"2018-11-21","0.572","0.043","0.891","0.066"
"2018-11-22","0.943","0","0.707","0.293"
"2018-11-23","0.542","0","0.95","0.05"
"2018-11-24","0.983","0.04","0.71","0.25"
"2018-11-25","0.972","0","0.742","0.258"
"2018-11-26","0.906","0.046","0.779","0.175"
"2018-11-27","0.852","0.025","0.883","0.092"
"2018-11-28","0.938","0","0.744","0.256"
"2018-11-29","0.637","0.055","0.861","0.084"
"2018-11-30","0.844","0.036","0.888","0.075"
"2018-12-01","0","0.104","0.792","0.104"
"2018-12-02","0.758","0.027","0.895","0.078"
"2018-12-03","0.361","0.028","0.908","0.064"
"2018-12-04","0.969","0","0.778","0.222"
"2018-12-05","0.92","0","0.815","0.185"
"2018-12-06","0.052","0.104","0.78","0.116"
"2018-12-07","0.202","0.052","0.878","0.07"
"2018-12-08","0.981","0.015","0.786","0.199"
"2018-12-09","0.925","0.06","0.789","0.15"
"2018-12-10","0.94","0.027","0.829","0.144"
"2018-12-11","0.778","0.062","0.811","0.126"
"2018-12-12","0.273","0.053","0.858","0.089"
"2018-12-13","0.691","0.016","0.915","0.069"
"2018-12-14","-0.153","0.089","0.843","0.068"
"2018-12-15","0.807","0.057","0.794","0.149"
"2018-12-16","0.586","0","0.956","0.044"
"2018-12-17","0.878","0.029","0.852","0.119"
"2018-12-18","0.967","0.017","0.859","0.124"
"2018-12-19","0.96","0.03","0.717","0.253"
"2018-12-20","0.772","0.065","0.789","0.146"
"2018-12-21","0.912","0.034","0.815","0.152"
"2018-12-22","0.854","0.038","0.857","0.104"
"2018-12-23","0.621","0.112","0.729","0.159"
"2018-12-24","0.751","0.026","0.853","0.121"
"2018-12-25","0.226","0.055","0.873","0.072"
"2018-12-26","0.572","0.037","0.89","0.073"
"2018-12-27","0.822","0.044","0.833","0.123"
"2018-12-28","0.382","0.045","0.861","0.094"
"2018-12-29","0.908","0","0.829","0.171"
"2018-12-30","-0.273","0.08","0.865","0.056"
"2018-12-31","0.961","0.049","0.808","0.143"
"2019-01-01","0.785","0.014","0.9","0.085"
"2019-01-02","-0.844","0.079","0.902","0.019"
"2019-01-03","-0.273","0.062","0.893","0.044"
"2019-01-04","0.67","0","0.908","0.092"
"2019-01-05","-0.477","0.046","0.942","0.012"
"2019-01-06","0.927","0.04","0.781","0.179"
"2019-01-07","0.91","0.03","0.874","0.096"
"2019-01-08","-0.937","0.198","0.714","0.088"
"2019-01-09","0.96","0.009","0.889","0.102"
"2019-01-10","0.44","0.094","0.75","0.156"
"2019-01-11","-0.318","0.052","0.899","0.05"
"2019-01-12","0.572","0","0.948","0.052"
"2019-01-13","-0.178","0.102","0.786","0.112"
"2019-01-14","0.972","0.06","0.735","0.206"
"2019-01-15","-0.026","0.071","0.859","0.07"
"2019-01-16","0.927","0.017","0.847","0.135"
"2019-01-17","0.902","0.025","0.828","0.147"
"2019-01-18","0.66","0.034","0.854","0.112"
"2019-01-19","0.859","0.065","0.813","0.122"
"2019-01-20","0.931","0.03","0.834","0.136"
"2019-01-21","0.802","0.018","0.898","0.084"
"2019-01-22","0.848","0.051","0.836","0.113"
"2019-01-23","0.908","0.034","0.824","0.143"
"2019-01-24","-0.026","0.109","0.783","0.108"
"2019-01-25","0.226","0.092","0.789","0.118"
"2019-01-26","0.977","0.053","0.728","0.218"
"2019-01-27","0.7","0.02","0.918","0.062"
"2019-01-28","0.318","0.102","0.794","0.104"
"2019-01-29","0.912","0.061","0.751","0.189"
"2019-01-30","0.898","0.036","0.711","0.254"
"2019-01-31","0.832","0.06","0.789","0.151"
"2019-02-01","0.542","0.02","0.914","0.066"
"2019-02-02","0.802","0.046","0.84","0.114"
"2019-02-03","0.928","0.044","0.818","0.137"
"2019-02-04","0.612","0.066","0.844","0.09"
"2019-02-05","0.765","0","0.908","0.092"
"2019-02-06","0.178","0.038","0.916","0.046"
"2019-02-07","0.54","0","0.891","0.109"
"2019-02-08","-0.955","0.14","0.825","0.035"
"2019-02-09","0.971","0","0.745","0.255"
"2019-02-10","0.178","0.058","0.893","0.049"
"2019-02-11","-0.71","0.066","0.934","0"
"2019-02-12","0.836","0.024","0.893","0.084"
"2019-02-13","0.307","0.026","0.929","0.045"
"2019-02-14","0.296","0.08","0.821","0.099"
"2019-02-15","0.925","0.121","0.681","0.198"
"2019-02-16","0.923","0.02","0.822","0.158"
"2019-02-17","0.832","0.046","0.818","0.137"
"2019-02-18","0.421","0.013","0.952","0.036"
"2019-02-19","0.791","0.073","0.819","0.108"
"2019-02-20","0.974","0.013","0.817","0.17"
"2019-02-21","0.71","0.016","0.91","0.074"
"2019-02-22","0.34","0.067","0.86","0.074"
"2019-02-23","0.832","0.085","0.773","0.143"
"2019-02-24","0.88","0.032","0.86","0.108"
"2019-02-25","0.939","0","0.826","0.174"
"2019-02-26","-0.052","0.013","0.987","0"
"2019-02-27","0.338","0.035","0.929","0.037"
"2019-02-28","0.318","0.043","0.897","0.06"
"2019-03-01","0.84","0.073","0.804","0.123"
"2019-03-02","0.987","0.039","0.744","0.217"
"2019-03-03","0.758","0.012","0.932","0.056"
"2019-03-04","0.942","0.03","0.771","0.199"
"2019-03-05","0.153","0.038","0.919","0.043"
"2019-03-06","0.991","0.024","0.799","0.178"
"2019-03-07","0.869","0.021","0.885","0.094"
"2019-03-08","0.958","0.027","0.762","0.212"
"2019-03-09","0.866","0.03","0.857","0.113"
"2019-03-10","-0.077","0.067","0.879","0.054"
"2019-03-11","0.937","0.065","0.753","0.183"
"2019-03-12","0.511","0.014","0.939","0.047"
"2019-03-13","0.637","0","0.958","0.042"
"2019-03-14","0.542","0.051","0.809","0.14"
"2019-03-15","-0.802","0.141","0.835","0.024"
"2019-03-16","0.97","0","0.833","0.167"
"2019-03-17","0.827","0.032","0.831","0.137"
"2019-03-18","0.979","0.027","0.798","0.175"
"2019-03-19","0.898","0.058","0.77","0.172"
"2019-03-20","0.875","0.066","0.83","0.104"
"2019-03-21","0.84","0.04","0.865","0.094"
"2019-03-22","0.939","0.009","0.875","0.116"
"2019-03-23","0.958","0.015","0.87","0.115"
"2019-03-24","0.832","0.042","0.761","0.197"
"2019-03-25","0.691","0","0.928","0.072"
"2019-03-26","-0.382","0.034","0.944","0.022"
"2019-03-27","0.762","0.077","0.797","0.126"
"2019-03-28","0.862","0.036","0.874","0.09"
"2019-03-29","0.637","0.078","0.804","0.118"
"2019-03-30","0","0","1","0"
"2019-03-31","-0.178","0.053","0.902","0.045"
"2019-04-01","0.318","0.036","0.9","0.064"
"2019-04-02","0.318","0.075","0.847","0.078"
"2019-04-03","0.957","0.041","0.798","0.161"
"2019-04-04","0.914","0.069","0.731","0.2"
"2019-04-05","0.923","0.043","0.829","0.128"
"2019-04-06","0.851","0.029","0.838","0.133"
"2019-04-07","0.818","0","0.894","0.106"
"2019-04-08","0.984","0","0.681","0.319"
"2019-04-09","0.925","0","0.867","0.133"
"2019-04-10","0.899","0.014","0.862","0.124"
"2019-04-11","0.923","0","0.851","0.149"
"2019-04-12","0.959","0.039","0.832","0.128"
"2019-04-13","0.982","0.026","0.796","0.178"
"2019-04-14","0.956","0.016","0.778","0.206"
"2019-04-15","0.963","0.04","0.823","0.137"
"2019-04-16","0.864","0.034","0.849","0.117"
"2019-04-17","0.557","0","0.896","0.104"
"2019-04-18","0.912","0","0.856","0.144"
"2019-04-19","0.875","0","0.921","0.079"
"2019-04-20","0.883","0","0.873","0.127"
"2019-04-21","0.923","0.044","0.792","0.165"
"2019-04-22","0.946","0.031","0.704","0.265"
"2019-04-23","-0.691","0.088","0.912","0"
"2019-04-24","0.859","0","0.894","0.106"
"2019-04-25","-0.445","0.079","0.896","0.025"
"2019-04-26","-0.05","0.07","0.868","0.062"
"2019-04-27","0","0","1","0"
"2019-04-28","0.971","0","0.817","0.183"
"2019-04-29","0.778","0","0.907","0.093"
"2019-04-30","0.462","0.055","0.843","0.102"
"2019-05-01","0.92","0","0.887","0.113"
"2019-05-02","0.459","0.124","0.699","0.177"
"2019-05-03","0.827","0.017","0.901","0.083"
"2019-05-04","0.872","0.028","0.891","0.082"
"2019-05-05","0.735","0","0.89","0.11"
"2019-05-06","0.7","0","0.919","0.081"
"2019-05-07","0.868","0.012","0.925","0.063"
"2019-05-08","-0.974","0.162","0.816","0.022"
"2019-05-09","0.991","0.017","0.8","0.184"
"2019-05-10","0.202","0.076","0.821","0.103"
"2019-05-11","0.772","0.065","0.811","0.124"
"2019-05-12","0.84","0.025","0.908","0.067"
"2019-05-13","0.44","0.019","0.937","0.045"
"2019-05-14","0.856","0.039","0.871","0.09"
"2019-05-15","0.936","0.02","0.789","0.191"
"2019-05-16","-0.153","0.036","0.934","0.03"
"2019-05-17","0.908","0","0.848","0.152"
"2019-05-18","0","0.084","0.819","0.097"
"2019-05-19","0.954","0","0.795","0.205"
"2019-05-20","0.586","0.016","0.93","0.054"
"2019-05-21","0.933","0","0.914","0.086"
"2019-05-22","0.599","0.015","0.943","0.041"
"2019-05-23","-0.153","0.044","0.91","0.046"
"2019-05-24","0.856","0","0.933","0.067"
"2019-05-25","0.802","0","0.946","0.054"
"2019-05-26","0.202","0.052","0.888","0.06"
"2019-05-27","0.459","0","0.953","0.047"
"2019-05-28","0.971","0.066","0.744","0.19"
"2019-05-29","0.812","0.025","0.848","0.127"
"2019-05-30","0.832","0","0.963","0.037"
"2019-05-31","0.382","0","0.976","0.024"
"2019-06-01","0.896","0","0.926","0.074"
"2019-06-02","0.961","0","0.848","0.152"
"2019-06-03","0.905","0","0.891","0.109"
"2019-06-04","0.542","0.04","0.905","0.055"
"2019-06-05","0.915","0","0.889","0.111"
"2019-06-06","-0.852","0.102","0.898","0"
"2019-06-07","0.972","0","0.691","0.309"
"2019-06-08","0.925","0.025","0.806","0.169"
"2019-06-09","0.937","0.032","0.784","0.184"
"2019-06-10","-0.318","0.023","0.977","0"
"2019-06-11","0.765","0.022","0.886","0.092"
"2019-06-12","0.951","0","0.898","0.102"
"2019-06-13","0.925","0","0.874","0.126"
"2019-06-14","0.813","0.01","0.929","0.06"
"2019-06-15","0.735","0","0.916","0.084"
"2019-06-16","0.948","0.013","0.845","0.142"
"2019-06-17","-0.153","0.091","0.803","0.106"
"2019-06-18","0.869","0.036","0.797","0.168"
"2019-06-19","0.856","0.081","0.746","0.172"
"2019-06-20","0.968","0.036","0.749","0.216"
"2019-06-21","0.612","0.041","0.897","0.062"
"2019-06-22","0.827","0","0.909","0.091"
"2019-06-23","0.971","0","0.809","0.191"
"2019-06-24","0.922","0.099","0.724","0.177"
"2019-06-25","0.869","0.038","0.879","0.083"
"2019-06-26","0.87","0.014","0.894","0.091"
"2019-06-27","0.772","0.01","0.938","0.053"
"2019-06-28","0.735","0.06","0.856","0.084"
"2019-06-29","-0.003","0.115","0.771","0.115"
"2019-06-30","0.852","0.016","0.885","0.099"
"2019-07-01","0.691","0","0.924","0.076"
"2019-07-02","0.727","0","0.933","0.067"
"2019-07-03","0.866","0","0.866","0.134"
"2019-07-04","0.848","0.02","0.862","0.118"
"2019-07-05","0.979","0","0.809","0.191"
"2019-07-06","0.852","0.021","0.879","0.1"
"2019-07-07","0.946","0","0.917","0.083"
"2019-07-08","0.94","0.044","0.837","0.118"
"2019-07-09","0.964","0","0.84","0.16"
"2019-07-10","0.026","0.101","0.806","0.093"
"2019-07-11","-0.658","0.039","0.95","0.011"
"2019-07-12","0.527","0.012","0.947","0.041"
"2019-07-13","0","0.061","0.869","0.07"
"2019-07-14","0.402","0","0.98","0.02"
"2019-07-15","-0.382","0.059","0.887","0.054"
"2019-07-16","0.93","0","0.837","0.163"
"2019-07-17","0.946","0.027","0.706","0.267"
"2019-07-18","0.899","0.095","0.636","0.269"
"2019-07-19","0","0","1","0"
"2019-07-20","0.735","0.033","0.89","0.077"
"2019-07-21","0.886","0","0.89","0.11"
"2019-07-22","0.625","0","0.907","0.093"
"2019-07-23","0.893","0","0.851","0.149"
"2019-07-24","0.891","0.038","0.853","0.109"
"2019-07-25","0.421","0.024","0.917","0.059"
"2019-07-26","0.751","0","0.923","0.077"
"2019-07-27","0.933","0.016","0.856","0.128"
"2019-07-28","0.927","0.044","0.838","0.118"
"2019-07-29","0.542","0.031","0.894","0.075"
"2019-07-30","0.802","0.031","0.877","0.091"
"2019-07-31","0.637","0","0.9","0.1"
"2019-08-01","0.382","0","0.962","0.038"
"2019-08-02","0.889","0.063","0.772","0.166"
"2019-08-03","0.91","0.026","0.845","0.128"
"2019-08-04","0.572","0.03","0.896","0.074"
"2019-08-05","0.527","0","0.919","0.081"
"2019-08-06","0.329","0.037","0.915","0.048"
"2019-08-07","0.026","0.072","0.855","0.073"
"2019-08-08","0.637","0","0.952","0.048"
"2019-08-09","0.848","0.015","0.891","0.094"
"2019-08-10","0.71","0.053","0.851","0.096"
"2019-08-11","0.026","0.015","0.97","0.016"
"2019-08-12","0.964","0.008","0.87","0.121"
"2019-08-13","-0.818","0.098","0.885","0.017"
"2019-08-14","0.586","0.056","0.838","0.106"
"2019-08-15","0.625","0.05","0.87","0.08"
"2019-08-16","0.967","0","0.784","0.216"
"2019-08-17","0.767","0.086","0.779","0.134"
"2019-08-18","0.718","0","0.901","0.099"
"2019-08-19","0.681","0.073","0.82","0.107"
"2019-08-20","0.904","0.019","0.892","0.088"
"2019-08-21","0.985","0.026","0.769","0.204"
"2019-08-22","-0.382","0.108","0.841","0.052"
"2019-08-23","0.832","0.084","0.736","0.179"
"2019-08-24","0.832","0.027","0.889","0.084"
"2019-08-25","0.7","0.027","0.899","0.074"
"2019-08-26","0.772","0.016","0.898","0.087"
"2019-08-27","0.477","0.042","0.879","0.079"
"2019-08-28","0","0","1","0"
"2019-08-29","0.026","0.046","0.894","0.06"
"2019-08-30","-0.103","0.033","0.939","0.027"
"2019-08-31","0.459","0","0.963","0.037"
"2019-09-01","0.941","0.016","0.847","0.137"
"2019-09-02","0.949","0","0.757","0.243"
"2019-09-03","0.971","0.035","0.796","0.169"
"2019-09-04","0.978","0.007","0.857","0.136"
"2019-09-05","0.691","0.053","0.829","0.118"
"2019-09-06","0.977","0","0.814","0.186"
"2019-09-07","0.691","0","0.905","0.095"
"2019-09-08","0.933","0.043","0.775","0.182"
"2019-09-09","0.296","0.055","0.874","0.071"
"2019-09-10","0.925","0.054","0.796","0.15"
"2019-09-11","0.881","0.04","0.832","0.128"
"2019-09-12","0.767","0.049","0.856","0.096"
"2019-09-13","0.955","0","0.859","0.141"
"2019-09-14","0.898","0.042","0.739","0.219"
"2019-09-15","0.975","0.035","0.736","0.229"
"2019-09-16","0.214","0.152","0.706","0.142"
"2019-09-17","0.866","0","0.872","0.128"
"2019-09-18","0.881","0.042","0.818","0.14"
"2019-09-19","0.941","0.059","0.711","0.229"
"2019-09-20","0.153","0.086","0.818","0.096"
"2019-09-21","0.939","0.021","0.818","0.161"
"2019-09-22","-0.743","0.067","0.901","0.032"
"2019-09-23","-0.743","0.086","0.892","0.023"
"2019-09-24","0.869","0","0.901","0.099"
"2019-09-25","0.891","0.035","0.833","0.132"
"2019-09-26","0.765","0","0.936","0.064"
"2019-09-27","0.557","0.054","0.85","0.095"
"2019-09-28","0.572","0.042","0.87","0.088"
"2019-09-29","0.956","0.016","0.824","0.159"
"2019-09-30","-0.67","0.051","0.919","0.03"
"2019-10-01","0.625","0.025","0.903","0.071"
"2019-10-02","0.727","0.034","0.874","0.092"
"2019-10-03","0.97","0.011","0.802","0.187"
"2019-10-04","-0.641","0.162","0.751","0.087"
"2019-10-05","0.906","0.083","0.682","0.235"
"2019-10-06","0.969","0.013","0.817","0.17"
"2019-10-07","0.625","0.009","0.949","0.042"
"2019-10-08","0.836","0.047","0.833","0.121"
"2019-10-09","-0.778","0.069","0.931","0"
"2019-10-10","0.951","0.023","0.783","0.194"
"2019-10-11","0.76","0.024","0.91","0.066"
"2019-10-12","0.86","0.02","0.865","0.116"
"2019-10-13","0.202","0","0.974","0.026"
"2019-10-14","-0.477","0.035","0.956","0.009"
"2019-10-15","-0.296","0.102","0.814","0.084"
"2019-10-16","0.729","0.036","0.89","0.074"
"2019-10-17","0.382","0","0.942","0.058"
"2019-10-18","0.477","0.036","0.878","0.086"
"2019-10-19","0.296","0.044","0.872","0.084"
"2019-10-20","0.848","0.046","0.852","0.101"
"2019-10-21","0.785","0.014","0.905","0.081"
"2019-10-22","-0.34","0.083","0.853","0.065"
"2019-10-23","0.802","0","0.9","0.1"
"2019-10-24","0.904","0.047","0.793","0.16"
"2019-10-25","0.84","0.034","0.788","0.178"
"2019-10-26","0.945","0.027","0.785","0.188"
"2019-10-27","0.757","0.073","0.797","0.13"
"2019-10-28","0.67","0","0.911","0.089"
"2019-10-29","0.886","0.02","0.868","0.111"
"2019-10-30","0.44","0.019","0.925","0.056"
"2019-10-31","-0.218","0.03","0.956","0.014"
"2019-11-01","0.778","0.056","0.769","0.175"
"2019-11-02","0.978","0.012","0.808","0.179"
"2019-11-03","0.557","0.016","0.939","0.045"
"2019-11-04","0.912","0.036","0.779","0.184"
"2019-11-05","0.818","0","0.899","0.101"
"2019-11-06","0.66","0.046","0.857","0.097"
"2019-11-07","0.984","0.064","0.649","0.288"
"2019-11-08","0.625","0","0.962","0.038"
"2019-11-09","-0.34","0.139","0.766","0.096"
"2019-11-10","-0.25","0.056","0.902","0.042"
"2019-11-11","0.942","0.032","0.835","0.133"
"2019-11-12","0.98","0","0.737","0.263"
"2019-11-13","0.503","0.06","0.838","0.102"
"2019-11-14","0.912","0.018","0.848","0.134"
"2019-11-15","0.893","0.052","0.764","0.184"
"2019-11-16","0.866","0.051","0.791","0.158"
"2019-11-17","0.839","0.018","0.896","0.086"
"2019-11-18","0.912","0.015","0.84","0.145"
"2019-11-19","0.896","0.068","0.774","0.158"
"2019-11-20","-0.026","0.066","0.847","0.087"
"2019-11-21","-0.009","0.055","0.884","0.061"
"2019-11-22","0.965","0.06","0.716","0.224"
"2019-11-23","0.886","0.065","0.791","0.143"
"2019-11-24","0.908","0.02","0.854","0.126"
"2019-11-25","0.733","0.035","0.897","0.068"
"2019-11-26","0.57","0.023","0.925","0.052"
"2019-11-27","-0.128","0.02","0.98","0"
"2019-11-28","0.832","0","0.921","0.079"
"2019-11-29","0.459","0.01","0.965","0.026"
"2019-11-30","0.912","0.019","0.823","0.158"
"2019-12-01","0.778","0","0.934","0.066"
"2019-12-02","0.421","0.008","0.972","0.02"
"2019-12-03","0.649","0","0.926","0.074"
"2019-12-04","0.153","0.039","0.926","0.035"
"2019-12-05","0.202","0.087","0.801","0.113"
"2019-12-06","0.923","0.024","0.874","0.102"
"2019-12-07","0.822","0.019","0.889","0.091"
"2019-12-08","0.9","0","0.888","0.112"
"2019-12-09","-0.128","0.032","0.931","0.037"
"2019-12-10","0.859","0.08","0.793","0.126"
"2019-12-11","0.848","0.015","0.896","0.089"
"2019-12-12","0.202","0","0.975","0.025"
"2019-12-13","0.796","0","0.934","0.066"
"2019-12-14","0.848","0.057","0.761","0.182"
"2019-12-15","0.612","0","0.917","0.083"
"2019-12-16","0.898","0.117","0.7","0.183"
"2019-12-17","0.904","0.035","0.814","0.151"
"2019-12-18","0.982","0.01","0.769","0.221"
"2019-12-19","0.653","0.042","0.889","0.068"
"2019-12-20","0.878","0.017","0.864","0.12"
"2019-12-21","0.505","0.015","0.945","0.04"
"2019-12-22","-0.153","0.058","0.871","0.071"
"2019-12-23","0.852","0","0.913","0.087"
"2019-12-24","0.178","0.06","0.87","0.07"
"2019-12-25","0.557","0.031","0.884","0.085"
"2019-12-26","0.941","0.024","0.872","0.105"
"2019-12-27","0.889","0.014","0.885","0.101"
"2019-12-28","0.202","0","0.976","0.024"
"2019-12-29","0.945","0","0.829","0.171"
"2019-12-30","0.926","0.055","0.806","0.139"
