"Date","Comp","Negative","Neutral","Positive","Adj.Close"
"2017-04-03",0.459,0.02,0.912,0.068,60.5954780578613
"2017-04-04",-0.153,0.035,0.965,0,60.7618598937988
"2017-04-05",0.586,0,0.876,0.124,60.6047096252441
"2017-04-06",0.511,0,0.952,0.048,60.7618598937988
"2017-04-07",0.599,0,0.898,0.102,60.7156372070312
"2017-04-10",-0.026,0.017,0.983,0,60.5769844055176
"2017-04-11",0.71,0,0.902,0.098,60.5307579040527
"2017-04-12",0.878,0.066,0.724,0.209,60.2996559143066
"2017-04-13",-0.052,0.059,0.886,0.055,60.0408172607422
"2017-04-17",0.296,0.07,0.833,0.096,60.5307579040527
"2017-04-18",0.477,0,0.928,0.072,60.4475593566895
"2017-04-19",0.802,0.066,0.743,0.191,60.1240119934082
"2017-04-20",0.421,0,0.924,0.076,60.5492324829102
"2017-04-21",0,0,1,0,61.3812255859375
"2017-04-24",0.318,0.089,0.806,0.106,62.4258041381836
"2017-04-25",0.296,0.053,0.89,0.056,62.7863273620605
"2017-04-26",0.758,0,0.903,0.097,62.7031402587891
"2017-04-27",0.402,0.029,0.911,0.06,63.10986328125
"2017-04-28",-0.226,0.055,0.905,0.04,63.2854957580566
"2017-05-01",0.802,0,0.837,0.163,64.1637115478516
"2017-05-02",0.758,0,0.808,0.192,64.0620346069336
"2017-05-03",-0.494,0.097,0.903,0,63.8586540222168
"2017-05-04",0.296,0,0.955,0.045,63.6090393066406
"2017-05-05",0.477,0.024,0.916,0.06,63.7847137451172
"2017-05-08",-0.572,0.091,0.864,0.044,63.7292404174805
"2017-05-09",0.402,0,0.951,0.049,63.8216934204102
"2017-05-10",-0.103,0.035,0.938,0.027,64.0712738037109
"2017-05-11",0.25,0,0.968,0.032,63.2854957580566
"2017-05-12",0.637,0,0.885,0.115,63.211540222168
"2017-05-15",0.41,0.081,0.799,0.12,63.2577934265137
"2017-05-16",-0.077,0.097,0.811,0.092,64.531494140625
"2017-05-17",0.402,0,0.952,0.048,62.7371597290039
"2017-05-18",-0.153,0.067,0.881,0.052,62.9509735107422
"2017-05-19",-0.273,0.085,0.87,0.045,62.9323844909668
"2017-05-22",0.026,0.022,0.94,0.038,63.6389427185059
"2017-05-23",-0.91,0.173,0.827,0,63.852783203125
"2017-05-24",0.318,0,0.947,0.053,63.9364700317383
"2017-05-25",0.743,0,0.879,0.121,64.7267303466797
"2017-05-26",0.836,0,0.815,0.185,65.042839050293
"2017-05-30",0.691,0,0.883,0.117,65.4612045288086
"2017-05-31",0,0,1,0,64.931266784668
"2017-06-01",0.382,0,0.938,0.062,65.1730117797852
"2017-06-02",-0.153,0.077,0.859,0.064,66.7163314819336
"2017-06-05",0.202,0.044,0.886,0.069,67.1997756958008
"2017-06-06",0.318,0.036,0.888,0.076,67.4229049682617
"2017-06-07",0.893,0,0.764,0.236,67.3020401000977
"2017-06-08",-0.296,0.064,0.899,0.037,66.8929672241211
"2017-06-09",-0.34,0.116,0.795,0.089,65.3775329589844
"2017-06-12",-0.511,0.104,0.849,0.047,64.8754806518555
"2017-06-13",-0.844,0.193,0.807,0,65.6843414306641
"2017-06-14",-0.542,0.148,0.766,0.086,65.3310470581055
"2017-06-15",-0.495,0.116,0.841,0.043,64.9870758056641
"2017-06-16",-0.103,0.059,0.891,0.051,65.0800170898438
"2017-06-19",0.421,0,0.97,0.03,65.8888931274414
"2017-06-20",-0.796,0.159,0.803,0.038,64.9963607788086
"2017-06-21",0.052,0.105,0.75,0.145,65.3310470581055
"2017-06-22",0.937,0,0.803,0.197,65.3217468261719
"2017-06-23",0.778,0.039,0.791,0.17,66.2049713134766
"2017-06-26",0.481,0.16,0.622,0.219,65.5727767944336
"2017-06-27",0.751,0,0.862,0.138,64.3455581665039
"2017-06-28",0.772,0.057,0.741,0.203,64.8940734863281
"2017-06-29",0.637,0,0.906,0.094,63.6761589050293
"2017-06-30",0.511,0,0.901,0.099,64.0852127075195
"2017-07-03",-0.273,0.074,0.926,0,63.3786544799805
"2017-07-05",0.202,0.037,0.897,0.066,64.2246856689453
"2017-07-06",0.807,0.092,0.703,0.205,63.7505264282227
"2017-07-07",-0.273,0.049,0.951,0,64.5779647827148
"2017-07-10",0.153,0.038,0.912,0.049,65.0614471435547
"2017-07-11",-0.077,0.063,0.879,0.058,65.0707168579102
"2017-07-12",0.822,0,0.802,0.198,66.1492004394531
"2017-07-13",0,0.062,0.876,0.062,66.7256240844727
"2017-07-14",0.318,0,0.966,0.034,67.6646347045898
"2017-07-17",0.296,0,0.929,0.071,68.1945571899414
"2017-07-18",0.103,0.052,0.877,0.071,68.1480865478516
"2017-07-19",0.402,0.036,0.902,0.062,68.6687164306641
"2017-07-20",0.881,0.043,0.714,0.243,69.0034255981445
"2017-07-21",-0.226,0.105,0.805,0.09,68.6036376953125
"2017-07-24",0.002,0.094,0.789,0.116,68.4270095825195
"2017-07-25",0.863,0,0.814,0.186,68.9755249023438
"2017-07-26",-0.459,0.049,0.951,0,68.8453750610352
"2017-07-27",0.751,0,0.899,0.101,68.0179290771484
"2017-07-28",0.361,0.06,0.821,0.119,67.9063415527344
"2017-07-31",-0.178,0.097,0.817,0.085,67.5902404785156
"2017-08-01",0.856,0,0.875,0.125,67.4786987304688
"2017-08-02",0.66,0,0.906,0.094,67.1811676025391
"2017-08-03",0.318,0,0.949,0.051,67.0789108276367
"2017-08-04",0.852,0.019,0.832,0.149,67.5716705322266
"2017-08-07",0,0,1,0,67.3113479614258
"2017-08-08",0.791,0,0.886,0.114,67.6739501953125
"2017-08-09",0.66,0,0.93,0.07,67.3764266967773
"2017-08-10",0.318,0.127,0.713,0.159,66.3909149169922
"2017-08-11",-0.743,0.167,0.803,0.03,67.4043045043945
"2017-08-14",0.382,0,0.939,0.061,68.4176788330078
"2017-08-15",0.361,0,0.941,0.059,68.436393737793
"2017-08-16",0.542,0.105,0.739,0.157,68.8382949829102
"2017-08-17",0.557,0,0.931,0.069,67.6699752807617
"2017-08-18",0.103,0,0.969,0.031,67.7540969848633
"2017-08-21",0.822,0.033,0.826,0.141,67.4362869262695
"2017-08-22",0.765,0,0.864,0.136,68.3803405761719
"2017-08-23",0,0.044,0.913,0.044,67.9690628051758
"2017-08-24",0.511,0.077,0.8,0.123,67.9410247802734
"2017-08-25",-0.026,0.04,0.922,0.037,68.0625305175781
"2017-08-28",0.67,0.053,0.837,0.11,68.0718688964844
"2017-08-29",0.382,0,0.945,0.055,68.2775039672852
"2017-08-30",0.866,0.034,0.757,0.209,69.1747970581055
"2017-08-31",0.527,0,0.914,0.086,69.8851318359375
"2017-09-01",0.751,0.051,0.8,0.149,69.1093597412109
"2017-09-05",0.572,0.024,0.886,0.09,68.8009262084961
"2017-09-06",0.802,0,0.843,0.157,68.6046295166016
"2017-09-07",0.511,0.042,0.862,0.096,69.4832153320312
"2017-09-08",0.866,0,0.793,0.207,69.1467437744141
"2017-09-11",0.586,0,0.907,0.093,69.8758010864258
"2017-09-12",0.818,0.024,0.832,0.144,69.8010101318359
"2017-09-13",0.66,0.074,0.773,0.153,70.2964019775391
"2017-09-14",-0.459,0.08,0.87,0.05,69.8851318359375
"2017-09-15",0.402,0,0.941,0.059,70.3898468017578
"2017-09-18",0.103,0,0.968,0.032,70.2496566772461
"2017-09-19",-0.599,0.135,0.785,0.08,70.511360168457
"2017-09-20",-0.649,0.115,0.801,0.084,70.0440216064453
"2017-09-21",-0.494,0.104,0.819,0.077,69.3617172241211
"2017-09-22",0.813,0,0.879,0.121,69.5486526489258
"2017-09-25",0.296,0.082,0.82,0.098,68.4737701416016
"2017-09-26",0.077,0,0.979,0.021,68.4737701416016
"2017-09-27",0.66,0,0.913,0.087,69.0252151489258
"2017-09-28",0.796,0,0.835,0.165,69.0439376831055
"2017-09-29",0.637,0.05,0.839,0.111,69.6234283447266
"2017-10-02",0,0,1,0,69.7355728149414
"2017-10-03",-0.477,0.074,0.883,0.043,69.408447265625
"2017-10-04",0.902,0.051,0.806,0.143,69.8103408813477
"2017-10-05",0.202,0,0.971,0.029,71.0067367553711
"2017-10-06",0,0,1,0,71.0347671508789
"2017-10-09",0.691,0,0.851,0.149,71.3058319091797
"2017-10-10",0.402,0.064,0.808,0.128,71.3058319091797
"2017-10-11",0.681,0.028,0.862,0.11,71.4273300170898
"2017-10-12",0.778,0,0.885,0.115,72.0816040039062
"2017-10-13",0.934,0.046,0.696,0.258,72.4274215698242
"2017-10-16",0.92,0,0.775,0.225,72.5769653320312
"2017-10-17",0.599,0.044,0.838,0.118,72.5209045410156
"2017-10-18",0.637,0,0.89,0.11,72.5395965576172
"2017-10-19",0.841,0,0.876,0.124,72.8199844360352
"2017-10-20",0.772,0,0.908,0.092,73.6611862182617
"2017-10-23",0,0,1,0,73.6798934936523
"2017-10-24",0.691,0.051,0.793,0.156,73.7079086303711
"2017-10-25",0.718,0,0.875,0.125,73.4929504394531
"2017-10-26",0.67,0,0.933,0.067,73.6144409179688
"2017-10-27",0.801,0.054,0.818,0.129,78.3345108032227
"2017-10-30",0,0,1,0,78.409309387207
"2017-10-31",0.625,0,0.938,0.062,77.7456817626953
"2017-11-01",0.026,0.053,0.875,0.071,77.7456817626953
"2017-11-02",0.735,0.023,0.867,0.11,78.5588531494141
"2017-11-03",0.494,0,0.943,0.057,78.6429595947266
"2017-11-06",0.889,0,0.836,0.164,78.951416015625
"2017-11-07",0.972,0.069,0.648,0.284,78.7644729614258
"2017-11-08",0.91,0.015,0.827,0.158,79.0355072021484
"2017-11-09",0.93,0.037,0.805,0.158,78.5962371826172
"2017-11-10",0.44,0.031,0.899,0.07,78.3906097412109
"2017-11-13",0.644,0,0.927,0.073,78.4466857910156
"2017-11-14",0.964,0.025,0.732,0.243,78.5588531494141
"2017-11-15",0.986,0.024,0.838,0.138,77.9482727050781
"2017-11-16",0.832,0,0.847,0.153,78.1549224853516
"2017-11-17",-0.92,0.175,0.742,0.083,77.403450012207
"2017-11-20",0.827,0.026,0.868,0.106,77.5255355834961
"2017-11-21",0.296,0,0.976,0.024,78.6433715820312
"2017-11-22",-0.103,0.055,0.908,0.037,78.0703887939453
"2017-11-24",0.752,0.039,0.834,0.128,78.2112884521484
"2017-11-27",0.612,0.025,0.896,0.079,78.7843017578125
"2017-11-28",0.421,0.091,0.797,0.112,79.733039855957
"2017-11-29",0.827,0.017,0.855,0.128,78.2864379882812
"2017-11-30",0.886,0,0.9,0.1,79.0661010742188
"2017-12-01",-0.727,0.068,0.932,0,79.1506195068359
"2017-12-04",0.542,0.084,0.805,0.111,76.1634750366211
"2017-12-05",0.933,0,0.762,0.238,76.6425399780273
"2017-12-06",0.844,0,0.87,0.13,77.7603759765625
"2017-12-07",0.742,0.034,0.879,0.087,77.4879684448242
"2017-12-08",0.44,0,0.956,0.044,79.0567016601562
"2017-12-11",-0.273,0.031,0.969,0,80.0618362426758
"2017-12-12",0.886,0,0.87,0.13,80.3906173706055
"2017-12-13",0.296,0,0.982,0.018,80.1745452880859
"2017-12-14",-0.296,0.029,0.971,0,79.554573059082
"2017-12-15",0.881,0.085,0.742,0.172,81.583610534668
"2017-12-18",0.959,0.028,0.729,0.243,81.14208984375
"2017-12-19",0.961,0.06,0.642,0.298,80.6254577636719
"2017-12-20",0.906,0.041,0.8,0.158,80.3342514038086
"2017-12-21",0.71,0.028,0.882,0.09,80.3154754638672
"2017-12-22",-0.128,0.027,0.942,0.031,80.3248596191406
"2017-12-26",0.902,0,0.85,0.15,80.2215270996094
"2017-12-27",0.947,0,0.881,0.119,80.5126953125
"2017-12-28",0.956,0.019,0.81,0.171,80.5221252441406
"2017-12-29",0.927,0.013,0.858,0.129,80.3530578613281
"2018-01-02",0.743,0.034,0.846,0.12,80.738166809082
"2018-01-03",0.881,0,0.804,0.196,81.1139221191406
"2018-01-04",0.926,0.036,0.787,0.177,81.8278274536133
"2018-01-05",0.318,0.051,0.878,0.071,82.8423461914062
"2018-01-08",-0.478,0.105,0.837,0.057,82.926887512207
"2018-01-09",0.852,0.115,0.661,0.224,82.8705291748047
"2018-01-10",0.832,0.048,0.734,0.217,82.4947814941406
"2018-01-11",0.931,0.048,0.831,0.122,82.739013671875
"2018-01-12",-0.44,0.064,0.907,0.029,84.1668319702148
"2018-01-16",0.572,0.031,0.899,0.07,82.9926376342773
"2018-01-17",0.939,0,0.869,0.131,84.6740875244141
"2018-01-18",0.66,0.079,0.781,0.14,84.6365280151367
"2018-01-19",0.952,0.025,0.768,0.207,84.5425872802734
"2018-01-22",0.848,0,0.842,0.158,86.0549621582031
"2018-01-23",0.67,0,0.925,0.075,86.3273620605469
"2018-01-24",0.869,0.042,0.78,0.178,86.2522201538086
"2018-01-25",0.95,0.023,0.844,0.132,86.7312927246094
"2018-01-26",0.71,0.089,0.761,0.149,88.3563842773438
"2018-01-29",0.896,0.041,0.868,0.091,88.2248916625977
"2018-01-30",0.83,0,0.876,0.124,87.1164627075195
"2018-01-31",0.382,0.08,0.815,0.105,89.2487564086914
"2018-02-01",-0.224,0.122,0.777,0.1,88.5442504882812
"2018-02-02",0.807,0.014,0.916,0.07,86.2146453857422
"2018-02-05",0.969,0.03,0.787,0.184,82.6638412475586
"2018-02-06",-0.691,0.059,0.941,0,85.7919235229492
"2018-02-07",0.778,0.052,0.825,0.124,84.1762313842773
"2018-02-08",0.226,0.033,0.915,0.052,79.8551712036133
"2018-02-09",-0.881,0.164,0.836,0,82.8329391479492
"2018-02-12",0.718,0,0.915,0.085,83.7253265380859
"2018-02-13",0,0.04,0.919,0.04,84.3828887939453
"2018-02-14",0.976,0,0.756,0.244,85.7041702270508
"2018-02-15",0.919,0.034,0.81,0.156,87.4501571655273
"2018-02-16",0.361,0.03,0.912,0.058,86.8272705078125
"2018-02-20",0.477,0,0.956,0.044,87.5067672729492
"2018-02-21",0.859,0.024,0.846,0.13,86.3459243774414
"2018-02-22",-0.361,0.038,0.962,0,86.5724411010742
"2018-02-23",0.922,0,0.841,0.159,88.7714385986328
"2018-02-26",0.859,0,0.899,0.101,90.0549774169922
"2018-02-27",0.969,0,0.636,0.364,88.903564453125
"2018-02-28",0.818,0.062,0.79,0.149,88.4977416992188
"2018-03-01",0.708,0.047,0.862,0.09,87.6294937133789
"2018-03-02",0.848,0.034,0.814,0.151,87.8182373046875
"2018-03-05",0.637,0,0.951,0.049,88.3750686645508
"2018-03-06",0.052,0.082,0.842,0.075,88.0730514526367
"2018-03-07",0.891,0.027,0.784,0.189,88.5826873779297
"2018-03-08",0.318,0.035,0.896,0.068,89.1206512451172
"2018-03-09",0.836,0.022,0.865,0.113,91.1119995117188
"2018-03-12",0.103,0.06,0.87,0.07,91.3290710449219
"2018-03-13",0.178,0.101,0.791,0.108,89.1017684936523
"2018-03-14",0.941,0,0.787,0.213,88.5732498168945
"2018-03-15",0.758,0,0.92,0.08,88.8847045898438
"2018-03-16",0.751,0.063,0.81,0.127,89.2810745239258
"2018-03-19",0.421,0.021,0.931,0.048,87.6672286987305
"2018-03-20",0.802,0.046,0.827,0.127,87.8937225341797
"2018-03-21",-0.625,0.059,0.941,0,87.2802734375
"2018-03-22",0.727,0.062,0.847,0.091,84.7415466308594
"2018-03-23",0.989,0.007,0.784,0.21,82.2782745361328
"2018-03-26",0,0,1,0,88.5071868896484
"2018-03-27",0.904,0.084,0.74,0.176,84.4395141601562
"2018-03-28",0.92,0.049,0.804,0.147,84.3640213012695
"2018-03-29",0.402,0.034,0.902,0.064,86.138313293457
"2018-04-02",0.382,0.054,0.853,0.093,83.5429382324219
"2018-04-03",0.949,0,0.866,0.134,84.6660232543945
"2018-04-04",0.511,0.019,0.932,0.049,87.1387023925781
"2018-04-05",0.889,0.007,0.94,0.054,87.185905456543
"2018-04-06",0.859,0,0.879,0.121,85.1568069458008
"2018-04-09",0.954,0.019,0.857,0.124,85.6664199829102
"2018-04-10",0.983,0.045,0.724,0.231,87.6577987670898
"2018-04-11",0.988,0,0.809,0.191,86.6951370239258
"2018-04-12",0.931,0.025,0.891,0.085,88.3184280395508
"2018-04-13",0.878,0.057,0.848,0.095,87.8465576171875
"2018-04-16",0.71,0.024,0.86,0.116,88.8752593994141
"2018-04-17",0.795,0,0.882,0.118,90.6684341430664
"2018-04-18",-0.382,0.05,0.95,0,91.0176391601562
"2018-04-19",0.975,0,0.841,0.159,90.7061920166016
"2018-04-20",0.612,0.036,0.887,0.077,89.658576965332
"2018-04-23",0.886,0,0.919,0.081,89.9889144897461
"2018-04-24",0.832,0,0.844,0.156,87.8842926025391
"2018-04-25",0.612,0.032,0.911,0.057,87.1198501586914
"2018-04-26",0.976,0.072,0.714,0.214,88.9601974487305
"2018-04-27",0.878,0.027,0.887,0.087,90.4324951171875
"2018-04-30",-0.889,0.168,0.806,0.026,88.2618026733398
"2018-05-01",0.927,0.011,0.916,0.073,89.658576965332
"2018-05-02",0.691,0.081,0.809,0.11,88.2523803710938
"2018-05-03",0.778,0.008,0.949,0.043,88.780876159668
"2018-05-04",0.962,0.03,0.681,0.289,89.8096008300781
"2018-05-07",0.848,0.086,0.748,0.166,90.8099899291992
"2018-05-08",0.67,0.042,0.89,0.067,90.4230575561523
"2018-05-09",0.44,0.052,0.856,0.092,91.4895095825195
"2018-05-10",-0.881,0.136,0.825,0.04,92.4049758911133
"2018-05-11",0.735,0.056,0.843,0.101,92.2067794799805
"2018-05-14",0.572,0.092,0.788,0.12,92.5182189941406
"2018-05-15",0.557,0.022,0.908,0.069,91.8481521606445
"2018-05-16",0.969,0.04,0.746,0.214,92.0851211547852
"2018-05-17",0.511,0.027,0.916,0.057,91.1656799316406
"2018-05-18",0.743,0.094,0.755,0.151,91.3362884521484
"2018-05-21",0.963,0.03,0.794,0.176,92.5116653442383
"2018-05-22",0.695,0.033,0.88,0.087,92.4168701171875
"2018-05-23",0.226,0.068,0.844,0.087,93.5163879394531
"2018-05-24",-0.718,0.081,0.884,0.035,93.1846313476562
"2018-05-25",0.637,0.073,0.781,0.146,93.2320404052734
"2018-05-29",0.965,0.017,0.802,0.181,92.9002838134766
"2018-05-30",-0.273,0.035,0.941,0.025,93.7912673950195
"2018-05-31",-0.318,0.031,0.969,0,93.6869888305664
"2018-06-01",0.935,0.018,0.786,0.196,95.5353698730469
"2018-06-04",0.829,0.059,0.805,0.136,96.3694915771484
"2018-06-05",0.952,0,0.835,0.165,96.8623504638672
"2018-06-06",0.599,0,0.924,0.076,97.1467132568359
"2018-06-07",0.765,0.011,0.928,0.061,95.6206588745117
"2018-06-08",0.402,0.039,0.901,0.06,96.3315353393555
"2018-06-11",0.912,0.023,0.859,0.118,95.7817993164062
"2018-06-12",0.908,0.021,0.824,0.154,96.0282363891602
"2018-06-13",0.751,0.021,0.914,0.065,95.5922088623047
"2018-06-14",0.958,0.047,0.742,0.211,96.1325149536133
"2018-06-15",0.973,0.027,0.779,0.193,94.9097442626953
"2018-06-18",0.727,0.037,0.862,0.1,95.6016998291016
"2018-06-19",0.988,0.073,0.674,0.252,95.6016998291016
"2018-06-20",0.382,0.084,0.829,0.088,96.5590438842773
"2018-06-21",0.758,0,0.951,0.049,95.8670883178711
"2018-06-22",0.542,0,0.929,0.071,95.1751708984375
"2018-06-25",0.866,0.037,0.855,0.108,93.2604827880859
"2018-06-26",0.459,0.046,0.887,0.067,93.9145050048828
"2018-06-27",0.923,0.031,0.882,0.086,92.4547958374023
"2018-06-28",0.934,0,0.859,0.141,93.4879608154297
"2018-06-29",0.925,0,0.911,0.089,93.4690017700195
"2018-07-02",0.809,0.036,0.841,0.123,94.7959899902344
"2018-07-03",-0.599,0.097,0.871,0.032,93.8860855102539
"2018-07-05",0.915,0,0.835,0.165,94.5590362548828
"2018-07-06",0.791,0.064,0.801,0.136,95.8860626220703
"2018-07-09",0.956,0.041,0.824,0.135,96.5400772094727
"2018-07-10",0.881,0.028,0.873,0.099,96.796012878418
"2018-07-11",0.459,0.058,0.808,0.133,96.6633224487305
"2018-07-12",0.526,0.059,0.837,0.104,98.7580947875977
"2018-07-13",0.785,0.088,0.774,0.138,99.9334411621094
"2018-07-16",0.957,0.018,0.81,0.172,99.4405517578125
"2018-07-17",0.934,0,0.831,0.169,100.426330566406
"2018-07-18",0.586,0.064,0.838,0.098,99.6396102905273
"2018-07-19",0.727,0,0.843,0.157,98.9571380615234
"2018-07-20",0.612,0,0.942,0.058,100.729637145996
"2018-07-23",0.917,0.041,0.841,0.118,102.341033935547
"2018-07-24",0.978,0,0.796,0.204,102.047172546387
"2018-07-25",0.527,0,0.945,0.055,105.051918029785
"2018-07-26",0.948,0.098,0.709,0.193,103.904998779297
"2018-07-27",0.964,0.01,0.858,0.132,102.066139221191
"2018-07-30",0.571,0.024,0.906,0.07,99.8765716552734
"2018-07-31",0.813,0,0.925,0.075,100.54955291748
"2018-08-01",0.964,0.039,0.776,0.184,100.739135742188
"2018-08-02",0.982,0.064,0.736,0.2,101.961875915527
"2018-08-03",0.906,0.013,0.855,0.132,102.407363891602
"2018-08-06",0.8,0.065,0.786,0.148,102.49267578125
"2018-08-07",0.836,0,0.879,0.121,103.203575134277
"2018-08-08",0.735,0.091,0.745,0.164,103.781768798828
"2018-08-09",0.937,0.069,0.686,0.245,103.95238494873
"2018-08-10",0.178,0,0.972,0.028,103.317329406738
"2018-08-13",0.613,0.04,0.846,0.114,102.568519592285
"2018-08-14",0.964,0.012,0.831,0.156,103.848129272461
"2018-08-15",0.66,0.056,0.808,0.136,102.439895629883
"2018-08-16",-0.226,0.095,0.838,0.067,102.420860290527
"2018-08-17",0.178,0,0.971,0.029,102.363784790039
"2018-08-20",0.599,0.025,0.925,0.05,101.688194274902
"2018-08-21",0.401,0.025,0.925,0.05,100.841331481934
"2018-08-22",0.599,0.042,0.877,0.081,101.86897277832
"2018-08-23",0.71,0,0.922,0.078,102.344749450684
"2018-08-24",0.66,0.037,0.83,0.133,103.143997192383
"2018-08-27",0.681,0.028,0.887,0.085,104.28581237793
"2018-08-28",0.951,0,0.777,0.223,104.913818359375
"2018-08-29",0.477,0,0.931,0.069,106.588470458984
"2018-08-30",0.103,0.097,0.825,0.078,106.521873474121
"2018-08-31",0.228,0.093,0.81,0.098,106.883460998535
"2018-09-04",0.796,0,0.921,0.079,106.293518066406
"2018-09-05",0.916,0.024,0.84,0.136,103.229644775391
"2018-09-06",0.649,0.052,0.865,0.084,103.467514038086
"2018-09-07",0.815,0.041,0.875,0.084,102.963226318359
"2018-09-10",0.862,0,0.868,0.132,104.07649230957
"2018-09-11",0.929,0.012,0.854,0.135,105.846298217773
"2018-09-12",0.862,0,0.885,0.115,106.293518066406
"2018-09-13",0.836,0,0.878,0.122,107.435340881348
"2018-09-14",0.153,0.053,0.873,0.075,107.873023986816
"2018-09-17",0.791,0.034,0.854,0.112,106.702674865723
"2018-09-18",0.827,0,0.832,0.168,107.720779418945
"2018-09-19",0.827,0.015,0.893,0.092,106.284004211426
"2018-09-20",0.765,0.06,0.808,0.132,108.063354492188
"2018-09-21",-0.317,0.084,0.846,0.071,108.719886779785
"2018-09-24",-0.66,0.142,0.755,0.104,109.109985351562
"2018-09-25",0.915,0.03,0.784,0.185,108.900657653809
"2018-09-26",0.973,0,0.704,0.296,108.453475952148
"2018-09-27",0.542,0.034,0.898,0.068,108.862609863281
"2018-09-28",0.912,0.014,0.928,0.058,108.82453918457
"2018-10-01",0.751,0,0.875,0.125,110.004417419434
"2018-10-02",0.66,0.021,0.903,0.076,109.566719055176
"2018-10-03",0.878,0,0.924,0.076,109.585746765137
"2018-10-04",0.893,0.05,0.835,0.115,107.321159362793
"2018-10-05",0.935,0,0.833,0.167,106.693145751953
"2018-10-08",0.836,0,0.881,0.119,105.475212097168
"2018-10-09",0.822,0.058,0.782,0.16,106.816856384277
"2018-10-10",0.813,0,0.865,0.135,101.012626647949
"2018-10-11",0.807,0,0.925,0.075,100.774749755859
"2018-10-12",0.103,0.029,0.922,0.048,104.257270812988
"2018-10-15",0.827,0.031,0.851,0.118,102.382797241211
"2018-10-16",0.494,0,0.932,0.068,105.617950439453
"2018-10-17",0.97,0.031,0.836,0.133,105.341995239258
"2018-10-18",-0.153,0.051,0.905,0.044,103.239151000977
"2018-10-19",0,0.064,0.872,0.064,103.391403198242
"2018-10-22",0.915,0,0.883,0.117,104.314361572266
"2018-10-23",0.818,0.044,0.853,0.102,102.858543395996
"2018-10-24",0.649,0,0.931,0.069,97.3588104248047
"2018-10-25",0.904,0.016,0.874,0.11,103.048858642578
"2018-10-26",0.791,0.044,0.849,0.106,101.773826599121
"2018-10-29",0.953,0,0.912,0.088,98.8146133422852
"2018-10-30",0.44,0.08,0.814,0.106,98.7004470825195
"2018-10-31",-0.026,0.038,0.926,0.036,101.631080627441
"2018-11-01",0.832,0.031,0.872,0.097,100.784248352051
"2018-11-02",0.898,0.023,0.856,0.121,101.012626647949
"2018-11-05",0.735,0.023,0.906,0.071,102.297172546387
"2018-11-06",0.856,0.038,0.824,0.139,102.49698638916
"2018-11-07",0.772,0,0.913,0.087,106.531394958496
"2018-11-08",0.959,0,0.786,0.214,106.331581115723
"2018-11-09",0.964,0,0.784,0.216,104.257270812988
"2018-11-12",0.67,0,0.896,0.104,101.688194274902
"2018-11-13",-0.402,0.025,0.975,0,101.75479888916
"2018-11-14",0.659,0,0.97,0.03,100.311798095703
"2018-11-15",-0.296,0.023,0.964,0.013,102.51929473877
"2018-11-16",0.751,0.032,0.877,0.091,103.484481811523
"2018-11-19",0.758,0.043,0.838,0.12,99.9773330688477
"2018-11-20",0.906,0,0.893,0.107,97.1964874267578
"2018-11-21",0.572,0.043,0.891,0.066,98.5343475341797
"2018-11-23",0.542,0,0.95,0.05,98.4961242675781
"2018-11-26",0.906,0.046,0.779,0.175,101.745262145996
"2018-11-27",0.852,0.025,0.883,0.092,102.385513305664
"2018-11-28",0.938,0,0.744,0.256,106.188903808594
"2018-11-29",0.637,0.055,0.861,0.084,105.300186157227
"2018-11-30",0.844,0.036,0.888,0.075,105.969116210938
"2018-12-03",0.361,0.028,0.908,0.064,107.115852355957
"2018-12-04",0.969,0,0.778,0.222,103.70426940918
"2018-12-06",0.052,0.104,0.78,0.116,104.344535827637
"2018-12-07",0.202,0.052,0.878,0.07,100.168472290039
"2018-12-10",0.94,0.027,0.829,0.144,102.815536499023
"2018-12-11",0.778,0.062,0.811,0.126,103.77116394043
"2018-12-12",0.273,0.053,0.858,0.089,104.23942565918
"2018-12-13",0.691,0.016,0.915,0.069,104.59300994873
"2018-12-14",-0.153,0.089,0.843,0.068,101.324760437012
"2018-12-17",0.878,0.029,0.852,0.119,98.3241195678711
"2018-12-18",0.967,0.017,0.859,0.124,99.3561859130859
"2018-12-19",0.96,0.03,0.717,0.253,99.0886077880859
"2018-12-20",0.772,0.065,0.789,0.146,97.0053634643555
"2018-12-21",0.912,0.034,0.815,0.152,93.8709030151367
"2018-12-24",0.751,0.026,0.853,0.121,89.9528579711914
"2018-12-26",0.572,0.037,0.89,0.073,96.0975112915039
"2018-12-27",0.822,0.044,0.833,0.123,96.6900177001953
"2018-12-28",0.382,0.045,0.861,0.094,95.9350433349609
"2018-12-31",0.961,0.049,0.808,0.143,97.0626831054688
"2019-01-02",-0.844,0.079,0.902,0.019,96.6326522827148
"2019-01-03",-0.273,0.062,0.893,0.044,93.0777359008789
"2019-01-04",0.67,0,0.908,0.092,97.4067153930664
"2019-01-07",0.91,0.03,0.874,0.096,97.5309448242188
"2019-01-08",-0.937,0.198,0.714,0.088,98.2381134033203
"2019-01-09",0.96,0.009,0.889,0.102,99.6428756713867
"2019-01-10",0.44,0.094,0.75,0.156,99.0026016235352
"2019-01-11",-0.318,0.052,0.899,0.05,98.2381134033203
"2019-01-14",0.972,0.06,0.735,0.206,97.5213928222656
"2019-01-15",-0.026,0.071,0.859,0.07,100.350028991699
"2019-01-16",0.927,0.017,0.847,0.135,100.703598022461
"2019-01-17",0.902,0.025,0.828,0.147,101.410774230957
"2019-01-18",0.66,0.034,0.854,0.112,102.930213928223
"2019-01-22",0.848,0.051,0.836,0.113,100.990295410156
"2019-01-23",0.908,0.034,0.824,0.143,101.974578857422
"2019-01-24",-0.026,0.109,0.783,0.108,101.487228393555
"2019-01-25",0.226,0.092,0.789,0.118,102.414176940918
"2019-01-28",0.318,0.102,0.794,0.104,100.416938781738
"2019-01-29",0.912,0.061,0.751,0.189,98.3719100952148
"2019-01-30",0.898,0.036,0.711,0.254,101.659240722656
"2019-01-31",0.832,0.06,0.789,0.151,99.795768737793
"2019-02-01",0.542,0.02,0.914,0.066,98.218994140625
"2019-02-04",0.612,0.066,0.844,0.09,101.047653198242
"2019-02-05",0.765,0,0.908,0.092,102.461967468262
"2019-02-06",0.178,0.038,0.916,0.046,101.324760437012
"2019-02-07",0.54,0,0.891,0.109,100.598503112793
"2019-02-08",-0.955,0.14,0.825,0.035,100.980743408203
"2019-02-11",-0.71,0.066,0.934,0,100.579383850098
"2019-02-12",0.836,0.024,0.893,0.084,102.146606445312
"2019-02-13",0.307,0.026,0.929,0.045,102.07014465332
"2019-02-14",0.296,0.08,0.821,0.099,102.156150817871
"2019-02-15",0.925,0.121,0.681,0.198,103.417587280273
"2019-02-19",0.791,0.073,0.819,0.108,103.369812011719
"2019-02-20",0.974,0.013,0.817,0.17,102.832366943359
"2019-02-21",0.71,0.016,0.91,0.074,105.001304626465
"2019-02-22",0.34,0.067,0.86,0.074,106.498443603516
"2019-02-25",0.939,0,0.826,0.174,107.093460083008
"2019-02-26",-0.052,0.013,0.987,0,107.832420349121
"2019-02-27",0.338,0.035,0.929,0.037,107.650085449219
"2019-02-28",0.318,0.043,0.897,0.06,107.515724182129
"2019-03-01",0.84,0.073,0.804,0.123,107.995582580566
"2019-03-04",0.942,0.03,0.771,0.199,107.736465454102
"2019-03-05",0.153,0.038,0.919,0.043,107.199028015137
"2019-03-06",0.991,0.024,0.799,0.178,107.247016906738
"2019-03-07",0.869,0.021,0.885,0.094,105.941818237305
"2019-03-08",0.958,0.027,0.762,0.212,106.056968688965
"2019-03-11",0.937,0.065,0.753,0.183,108.283493041992
"2019-03-12",0.511,0.014,0.939,0.047,109.041664123535
"2019-03-13",0.637,0,0.958,0.042,109.886199951172
"2019-03-14",0.542,0.051,0.809,0.14,109.97257232666
"2019-03-15",-0.802,0.141,0.835,0.024,111.239387512207
"2019-03-18",0.979,0.027,0.798,0.175,112.832481384277
"2019-03-19",0.898,0.058,0.77,0.172,112.90926361084
"2019-03-20",0.875,0.066,0.83,0.104,112.78450012207
"2019-03-21",0.84,0.04,0.865,0.094,115.375717163086
"2019-03-22",0.939,0.009,0.875,0.116,112.333450317383
"2019-03-25",0.691,0,0.928,0.072,112.918869018555
"2019-03-26",-0.382,0.034,0.944,0.022,113.158798217773
"2019-03-27",0.762,0.077,0.797,0.126,112.064727783203
"2019-03-28",0.862,0.036,0.874,0.09,112.218276977539
"2019-03-29",0.637,0.078,0.804,0.118,113.187599182129
"2019-04-01",0.318,0.036,0.9,0.064,114.224052429199
"2019-04-02",0.318,0.075,0.847,0.078,114.387214660645
"2019-04-03",0.957,0.041,0.798,0.161,115.135787963867
"2019-04-04",0.914,0.069,0.731,0.2,114.550369262695
"2019-04-05",0.923,0.043,0.829,0.128,115.05899810791
"2019-04-08",0.984,0,0.681,0.319,115.097373962402
"2019-04-09",0.925,0,0.867,0.133,114.473587036133
"2019-04-10",0.899,0.014,0.862,0.124,115.34691619873
"2019-04-11",0.923,0,0.851,0.149,115.481269836426
"2019-04-12",0.959,0.039,0.832,0.128,116.076293945312
"2019-04-15",0.963,0.04,0.823,0.137,116.172256469727
"2019-04-16",0.864,0.034,0.849,0.117,115.903549194336
"2019-04-17",0.557,0,0.896,0.104,116.863243103027
"2019-04-18",0.912,0,0.856,0.144,118.398773193359
"2019-04-22",0.946,0.031,0.704,0.265,118.773071289062
"2019-04-23",-0.691,0.088,0.912,0,120.385375976562
"2019-04-24",0.859,0,0.894,0.106,119.972702026367
"2019-04-25",-0.445,0.079,0.896,0.025,123.945861816406
"2019-04-26",-0.05,0.07,0.868,0.062,124.656044006348
"2019-04-29",0.778,0,0.907,0.093,124.540885925293
"2019-04-30",0.462,0.055,0.843,0.102,125.337471008301
"2019-05-01",0.92,0,0.887,0.113,122.727043151855
"2019-05-02",0.459,0.124,0.699,0.177,121.124328613281
"2019-05-03",0.827,0.017,0.901,0.083,123.705955505371
"2019-05-06",0.7,0,0.919,0.081,122.986152648926
"2019-05-07",0.868,0.012,0.925,0.063,120.462127685547
"2019-05-08",-0.974,0.162,0.816,0.022,120.45255279541
"2019-05-09",0.991,0.017,0.8,0.184,120.442947387695
"2019-05-10",0.202,0.076,0.821,0.103,122.007270812988
"2019-05-13",0.44,0.019,0.937,0.045,118.379592895508
"2019-05-14",0.856,0.039,0.871,0.09,119.703994750977
"2019-05-15",0.936,0.02,0.789,0.191,121.389678955078
"2019-05-16",-0.153,0.036,0.934,0.03,124.192749023438
"2019-05-17",0.908,0,0.848,0.152,123.364364624023
"2019-05-20",0.586,0.016,0.93,0.054,121.582328796387
"2019-05-21",0.933,0,0.914,0.086,122.237365722656
"2019-05-22",0.599,0.015,0.943,0.041,122.979049682617
"2019-05-23",-0.153,0.044,0.91,0.046,121.543815612793
"2019-05-24",0.856,0,0.933,0.067,121.601585388184
"2019-05-28",0.971,0.066,0.744,0.19,121.524543762207
"2019-05-29",0.812,0.025,0.848,0.127,120.34935760498
"2019-05-30",0.832,0,0.963,0.037,121.110321044922
"2019-05-31",0.382,0,0.976,0.024,119.13565826416
"2019-06-03",0.905,0,0.891,0.109,115.436744689941
"2019-06-04",0.542,0.04,0.905,0.055,118.634757995605
"2019-06-05",0.915,0,0.889,0.111,121.206680297852
"2019-06-06",-0.852,0.102,0.898,0,123.123542785645
"2019-06-07",0.972,0,0.691,0.309,126.571998596191
"2019-06-10",-0.318,0.023,0.977,0,127.727890014648
"2019-06-11",0.765,0.022,0.886,0.092,127.246284484863
"2019-06-12",0.951,0,0.898,0.102,126.658706665039
"2019-06-13",0.925,0,0.874,0.126,127.458221435547
"2019-06-14",0.813,0.01,0.929,0.06,127.583442687988
"2019-06-17",-0.153,0.091,0.803,0.106,127.968711853027
"2019-06-18",0.869,0.036,0.797,0.168,130.193862915039
"2019-06-19",0.856,0.081,0.746,0.172,130.704376220703
"2019-06-20",0.968,0.036,0.749,0.216,131.918045043945
"2019-06-21",0.612,0.041,0.897,0.062,131.937347412109
"2019-06-24",0.922,0.099,0.724,0.177,132.717559814453
"2019-06-25",0.869,0.038,0.879,0.083,128.527404785156
"2019-06-26",0.87,0.014,0.894,0.091,129.009048461914
"2019-06-27",0.772,0.01,0.938,0.053,129.220962524414
"2019-06-28",0.735,0.06,0.856,0.084,129.037948608398
"2019-07-01",0.691,0,0.924,0.076,130.694717407227
"2019-07-02",0.727,0,0.933,0.067,131.56169128418
"2019-07-03",0.866,0,0.866,0.134,132.40934753418
"2019-07-05",0.979,0,0.809,0.191,132.024078369141
"2019-07-08",0.94,0.044,0.837,0.118,131.927688598633
"2019-07-09",0.964,0,0.84,0.16,131.446105957031
"2019-07-10",0.026,0.101,0.806,0.093,132.785018920898
"2019-07-11",-0.658,0.039,0.95,0.011,133.314804077148
"2019-07-12",0.527,0.012,0.947,0.041,133.796432495117
"2019-07-15",-0.382,0.059,0.887,0.054,133.796432495117
"2019-07-16",0.93,0,0.837,0.163,132.043334960938
"2019-07-17",0.946,0.027,0.706,0.267,131.263061523438
"2019-07-18",0.899,0.095,0.636,0.269,131.407577514648
"2019-07-19",0,0,1,0,131.600204467773
"2019-07-22",0.625,0,0.907,0.093,133.343704223633
"2019-07-23",0.893,0,0.851,0.149,134.172119140625
"2019-07-24",0.891,0.038,0.853,0.109,135.549575805664
"2019-07-25",0.421,0.024,0.917,0.059,135.039031982422
"2019-07-26",0.751,0,0.923,0.077,136.146789550781
"2019-07-29",0.542,0.031,0.894,0.075,135.848175048828
"2019-07-30",0.802,0.031,0.877,0.091,135.193130493164
"2019-07-31",0.637,0,0.9,0.1,131.263061523438
"2019-08-01",0.382,0,0.962,0.038,132.9873046875
"2019-08-02",0.889,0.063,0.772,0.166,131.869918823242
"2019-08-05",0.527,0,0.919,0.081,127.352256774902
"2019-08-06",0.329,0.037,0.915,0.048,129.741134643555
"2019-08-07",0.026,0.072,0.855,0.073,130.309432983398
"2019-08-08",0.637,0,0.952,0.048,133.786804199219
"2019-08-09",0.848,0.015,0.891,0.094,132.650177001953
"2019-08-12",0.964,0.008,0.87,0.121,130.800704956055
"2019-08-13",-0.818,0.098,0.885,0.017,133.507461547852
"2019-08-14",0.586,0.056,0.838,0.106,129.486953735352
"2019-08-15",0.625,0.05,0.87,0.08,129.197006225586
"2019-08-16",0.967,0,0.784,0.216,131.564865112305
"2019-08-19",0.681,0.073,0.82,0.107,133.768417358398
"2019-08-20",0.904,0.019,0.892,0.088,132.656982421875
"2019-08-21",0.985,0.026,0.769,0.204,134.135635375977
"2019-08-22",-0.382,0.108,0.841,0.052,133.15950012207
"2019-08-23",0.832,0.084,0.736,0.179,128.916748046875
"2019-08-26",0.772,0.016,0.898,0.087,130.907684326172
"2019-08-27",0.477,0.042,0.879,0.079,131.187927246094
"2019-08-28",0,0,1,0,131.013961791992
"2019-08-29",0.026,0.046,0.894,0.06,133.488128662109
"2019-08-30",-0.103,0.033,0.939,0.027,133.236862182617
"2019-09-03",0.971,0.035,0.796,0.169,131.477874755859
"2019-09-04",0.978,0.007,0.857,0.136,133.014572143555
"2019-09-05",0.691,0.053,0.829,0.118,135.353408813477
"2019-09-06",0.977,0,0.814,0.186,134.435287475586
"2019-09-09",0.296,0.055,0.874,0.071,132.908264160156
"2019-09-10",0.925,0.054,0.796,0.15,131.516555786133
"2019-09-11",0.881,0.04,0.832,0.128,131.55517578125
"2019-09-12",0.767,0.049,0.856,0.096,132.908264160156
"2019-09-13",0.955,0,0.859,0.141,132.714950561523
"2019-09-16",0.214,0.152,0.706,0.142,131.758178710938
"2019-09-17",0.866,0,0.872,0.128,132.782623291016
"2019-09-18",0.881,0.042,0.818,0.14,133.874710083008
"2019-09-19",0.941,0.059,0.711,0.229,136.339202880859
"2019-09-20",0.153,0.086,0.818,0.096,134.763854980469
"2019-09-23",-0.743,0.086,0.892,0.023,134.473937988281
"2019-09-24",0.869,0,0.901,0.099,132.772964477539
"2019-09-25",0.891,0.035,0.833,0.132,134.6865234375
"2019-09-26",0.765,0,0.936,0.064,134.860488891602
"2019-09-27",0.557,0.054,0.85,0.095,133.111190795898
"2019-09-30",-0.67,0.051,0.919,0.03,134.367630004883
"2019-10-01",0.625,0.025,0.903,0.071,132.473358154297
"2019-10-02",0.727,0.034,0.874,0.092,130.134490966797
"2019-10-03",0.97,0.011,0.802,0.187,131.709838867188
"2019-10-04",-0.641,0.162,0.751,0.087,133.488128662109
"2019-10-07",0.625,0.009,0.949,0.042,132.52165222168
"2019-10-08",0.836,0.047,0.833,0.121,131.120300292969
"2019-10-09",-0.778,0.069,0.931,0,133.604141235352
"2019-10-10",0.951,0.023,0.783,0.194,134.435287475586
"2019-10-11",0.76,0.024,0.91,0.066,134.995803833008
"2019-10-14",-0.477,0.035,0.956,0.009,134.870193481445
"2019-10-15",-0.296,0.102,0.814,0.084,136.822418212891
"2019-10-16",0.729,0.036,0.89,0.074,135.701324462891
"2019-10-17",0.382,0,0.942,0.058,135.005462646484
"2019-10-18",0.477,0.036,0.878,0.086,132.801910400391
"2019-10-21",0.785,0.014,0.905,0.081,133.787719726562
"2019-10-22",-0.34,0.083,0.853,0.065,131.796813964844
"2019-10-23",0.802,0,0.9,0.1,132.637649536133
"2019-10-24",0.904,0.047,0.793,0.16,135.247100830078
"2019-10-25",0.84,0.034,0.788,0.178,136.010604858398
"2019-10-28",0.67,0,0.911,0.089,139.354583740234
"2019-10-29",0.886,0.02,0.868,0.111,138.040191650391
"2019-10-30",0.44,0.019,0.925,0.056,139.760467529297
"2019-10-31",-0.218,0.03,0.956,0.014,138.562042236328
"2019-11-01",0.778,0.056,0.769,0.175,138.900360107422
"2019-11-04",0.912,0.036,0.779,0.184,139.702514648438
"2019-11-05",0.818,0,0.899,0.101,139.615524291992
"2019-11-06",0.66,0.046,0.857,0.097,139.228912353516
"2019-11-07",0.984,0.064,0.649,0.288,139.422210693359
"2019-11-08",0.625,0,0.962,0.038,141.065231323242
"2019-11-11",0.942,0.032,0.835,0.133,141.210189819336
"2019-11-12",0.98,0,0.737,0.263,142.13801574707
"2019-11-13",0.503,0.06,0.838,0.102,142.369918823242
"2019-11-14",0.912,0.018,0.848,0.134,143.094802856445
"2019-11-15",0.893,0.052,0.764,0.184,144.940765380859
"2019-11-18",0.912,0.015,0.84,0.145,145.298370361328
"2019-11-19",0.896,0.068,0.774,0.158,145.346633911133
"2019-11-20",-0.026,0.066,0.847,0.087,145.094482421875
"2019-11-21",-0.009,0.055,0.884,0.061,144.958740234375
"2019-11-22",0.965,0.06,0.716,0.224,145.065414428711
"2019-11-25",0.733,0.035,0.897,0.068,146.655807495117
"2019-11-26",0.57,0.023,0.925,0.052,147.431610107422
"2019-11-27",-0.128,0.02,0.98,0,147.712860107422
"2019-11-29",0.459,0.01,0.965,0.026,146.80126953125
"2019-12-02",0.421,0.008,0.972,0.02,145.026672363281
"2019-12-03",0.649,0,0.926,0.074,144.793914794922
"2019-12-04",0.153,0.039,0.926,0.035,145.317535400391
"2019-12-05",0.202,0.087,0.801,0.113,145.395156860352
"2019-12-06",0.923,0.024,0.874,0.102,147.160064697266
"2019-12-09",-0.128,0.032,0.931,0.037,146.781921386719
"2019-12-10",0.859,0.08,0.793,0.126,146.558853149414
"2019-12-11",0.848,0.015,0.896,0.089,147.111572265625
"2019-12-12",0.202,0,0.975,0.025,148.605026245117
"2019-12-13",0.796,0,0.934,0.066,149.856018066406
"2019-12-16",0.898,0.117,0.7,0.183,150.825744628906
"2019-12-17",0.904,0.035,0.814,0.151,150.011169433594
"2019-12-18",0.982,0.01,0.769,0.221,149.700881958008
"2019-12-19",0.653,0.042,0.889,0.068,151.000305175781
"2019-12-20",0.878,0.017,0.864,0.12,152.64892578125
"2019-12-23",0.852,0,0.913,0.087,152.64892578125
"2019-12-24",0.178,0.06,0.87,0.07,152.61979675293
"2019-12-26",0.941,0.024,0.872,0.105,153.87077331543
"2019-12-27",0.889,0.014,0.885,0.101,154.15202331543
